AccountName,Commitment,CommitmentDescription , Budget , Actual , Variance ,OverBudget ,MeetTarget
VP,452303,ROYALTY EXP REIMBURS,, -   , -   ,0,1
VP,611001,SAL-FACULTY FT/PT,464024,503247,-39223,1,0
VP,612001,SAL-ADM STAFF FT/PT,86827,64664,22163,0,1
VP,616102,NON-CLIN FAC/STF PER,,59219,-59219,1,0
VP,616104,SPEC PROJ SUP (TLC),,12425,-12425,1,0
VP,620001,FRINGE BEN EXP FT/PT,195552,199703,-4151,1,0
VP,620002,FRINGE BEN EXP TLC,,5731,-5731,1,0
VP,621414,DEF COMP 457(F) (ER),,46954,-46954,1,0
VP,631003,NONCAPITAL PC PURCH,1448,0,1448,0,1
VP,632001,OTHER INSTRUCT SUP,7720,2306,5414,0,1
VP,632002,UNALLOC PCARD EXP,, -   , -   ,0,1
VP,633037,PUBS/JOURNALS/SUBSC,1930,-323,2253,0,1
VP,637001,EQ MAINT AGRMT,,315,-315,1,0
VP,640202,EQUIP LEASE PYMT(UR),11580,6021,5559,0,1
VP,640281,POSTAGE,483,168,315,0,1
VP,640282,DELIVERY SERVICE,965,2075,-1110,1,0
VP,640301,CONT SVCS-GENL,193,,193,0,1
VP,640304,CONSULTANT SVCS 1,,4300,-4300,1,0
VP,640381,PROF SERVICES-EXT,96500,153522,-57022,1,0
VP,640403,MEMBERSHIPS/DUES,,8295,-8295,1,0
VP,641405,WIRELESS PHONE,,-300,300,0,1
VP,641508,EVENTS/GIFTS/AWARDS,3860,91,3769,0,1
VP,642001,MEALS & ENT UNALLOW,,8214,-8214,1,0
VP,642002,MEALS NON TRAVEL,14475,5485,8990,0,1
VP,642501,PRINTING,,1150,-1150,1,0
VP,647001,TRAINING,,1206,-1206,1,0
VP,652001,DOMESTIC TRAVEL,48250,31661,16589,0,1
VP,652101,TRAVEL FOREIGN,19300,14476,4824,0,1
VP,652503,OTH MISC NON TRAVEL,1448,448,1000,0,1
VP,692400,SRV CTR-SERVICES,13028,7352,5676,0,1
VP,940500,FUNDING TRANSFER,,275,-275,1,0
VP,960102,VACATION SAL OFFSET,-5210,6524,-11734,1,0
VP,960202,VACATN FRINGE OFFSET,-1849,2316,-4165,1,0
VP,960314,ADMIN SUPPLIES,,127,-127,1,0
VP,960477,MEDIA SVCS,,239,-239,1,0
VP,960497,PARKING,,585,-585,1,0
INCENTIVE,616102,NON-CLIN FAC/STF PER,138756,,138756,0,1
INCENTIVE,620002,FRINGE BEN EXP TLC,11100,,11100,0,1
ADMINISTRATION,612001,SAL-ADM STAFF FT/PT,333148,336143,-2995,1,0
ADMINISTRATION,612003,SAL-ADM FT/PT OT STD,,40,-40,1,0
ADMINISTRATION,620001,FRINGE BEN EXP FT/PT,118268,119331,-1063,1,0
ADMINISTRATION,620002,FRINGE BEN EXP TLC,,3,-3,1,0
ADMINISTRATION,631003,NONCAPITAL PC PURCH,4343,1151,3192,0,1
ADMINISTRATION,632001,OTHER INSTRUCT SUP,7238,1927,5311,0,1
ADMINISTRATION,632002,UNALLOC PCARD EXP,, -   , -   ,0,1
ADMINISTRATION,633037,PUBS/JOURNALS/SUBSC,579,102,477,0,1
ADMINISTRATION,640281,POSTAGE,48,,48,0,1
ADMINISTRATION,640282,DELIVERY SERVICE,97,289,-192,1,0
ADMINISTRATION,640301,CONT SVCS-GENL,145,,145,0,1
ADMINISTRATION,640351,SVC PRO EXT LEGL FEE,,4456,-4456,1,0
ADMINISTRATION,640381,PROF SERVICES-EXT,14475,5494,8981,0,1
ADMINISTRATION,640403,MEMBERSHIPS/DUES,483,310,173,0,1
ADMINISTRATION,641405,WIRELESS PHONE,,, -   ,0,1
ADMINISTRATION,641508,EVENTS/GIFTS/AWARDS,97,100,-3,1,0
ADMINISTRATION,642001,MEALS & ENT UNALLOW,,2145,-2145,1,0
ADMINISTRATION,642002,MEALS NON TRAVEL,1158,1646,-488,1,0
ADMINISTRATION,647001,TRAINING,483,825,-342,1,0
ADMINISTRATION,652001,DOMESTIC TRAVEL,5790,833,4957,0,1
ADMINISTRATION,652101,TRAVEL FOREIGN,,537,-537,1,0
ADMINISTRATION,652503,OTH MISC NON TRAVEL,1158,1970,-812,1,0
ADMINISTRATION,692400,SRV CTR-SERVICES,9168,3690,5478,0,1
ADMINISTRATION,960102,VACATION SAL OFFSET,-19989,4996,-24985,1,0
ADMINISTRATION,960202,VACATN FRINGE OFFSET,-7096,1774,-8870,1,0
RECRUITMENT,612001,SAL-ADM STAFF FT/PT,101844,63934,37910,0,1
RECRUITMENT,612002,SAL-ADM FT/PT OT PR,250,,250,0,1
RECRUITMENT,612003,SAL-ADM FT/PT OT STD,150,53,97,0,1
RECRUITMENT,616102,NON-CLIN FAC/STF PER,35000,10000,25000,0,1
RECRUITMENT,616105,INC BON NONDISC (TLC,,10000,-10000,1,0
RECRUITMENT,620001,FRINGE BEN EXP FT/PT,36155,22697,13458,0,1
RECRUITMENT,620002,FRINGE BEN EXP TLC,2832,1604,1228,0,1
RECRUITMENT,631003,NONCAPITAL PC PURCH,1448,,1448,0,1
RECRUITMENT,632001,OTHER INSTRUCT SUP,7238,455,6783,0,1
RECRUITMENT,632002,UNALLOC PCARD EXP,, -   , -   ,0,1
RECRUITMENT,633024,LAB MATERIAL/SUPPLIE,,32,-32,1,0
RECRUITMENT,640281,POSTAGE,241,,241,0,1
RECRUITMENT,640282,DELIVERY SERVICE,483,157,326,0,1
RECRUITMENT,640301,CONT SVCS-GENL,1930,,1930,0,1
RECRUITMENT,640381,PROF SERVICES-EXT,9650,6064,3586,0,1
RECRUITMENT,640403,MEMBERSHIPS/DUES,2895,773,2122,0,1
RECRUITMENT,641405,WIRELESS PHONE,,458,-458,1,0
RECRUITMENT,641508,EVENTS/GIFTS/AWARDS,579,,579,0,1
RECRUITMENT,642001,MEALS & ENT UNALLOW,,37,-37,1,0
RECRUITMENT,642002,MEALS NON TRAVEL,,200,-200,1,0
RECRUITMENT,642118,PUB AFFAIRS UNALLOW,,570,-570,1,0
RECRUITMENT,647001,TRAINING,2895,150,2745,0,1
RECRUITMENT,652001,DOMESTIC TRAVEL,1930,2437,-507,1,0
RECRUITMENT,652503,OTH MISC NON TRAVEL,5018,692,4326,0,1
RECRUITMENT,692400,SRV CTR-SERVICES,1930,791,1139,0,1
RECRUITMENT,960102,VACATION SAL OFFSET,-6111,,-6111,0,0
RECRUITMENT,960202,VACATN FRINGE OFFSET,-2169,,-2169,0,0
RECRUITMENT,960300,SUPPLIES TRANSFERS,,108,-108,1,0
RECRUITMENT,960497,PARKING,,590,-590,1,0
ASSOC VP,611001,SAL-FACULTY FT/PT,1144973,837556,307417,0,1
ASSOC VP,612001,SAL-ADM STAFF FT/PT,105492,206465,-100973,1,0
ASSOC VP,616102,NON-CLIN FAC/STF PER,,70000,-70000,1,0
ASSOC VP,620001,FRINGE BEN EXP FT/PT,443915,370628,73288,0,1
ASSOC VP,620002,FRINGE BEN EXP TLC,,5600,-5600,1,0
ASSOC VP,631003,NONCAPITAL PC PURCH,2895,152,2743,0,1
ASSOC VP,632001,OTHER INSTRUCT SUP,9650,1843,7807,0,1
ASSOC VP,633032,OFFICE SUPPLIES,,313,-313,1,0
ASSOC VP,640202,EQUIP LEASE PYMT(UR),1448,,1448,0,1
ASSOC VP,640281,POSTAGE,97,203,-106,1,0
ASSOC VP,640282,DELIVERY SERVICE,965,2418,-1453,1,0
ASSOC VP,640403,MEMBERSHIPS/DUES,,40,-40,1,0
ASSOC VP,641405,WIRELESS PHONE,,463,-463,1,0
ASSOC VP,641508,EVENTS/GIFTS/AWARDS,483,265,218,0,1
ASSOC VP,642001,MEALS & ENT UNALLOW,3860,17933,-14073,1,0
ASSOC VP,642002,MEALS NON TRAVEL,4825,7202,-2377,1,0
ASSOC VP,647001,TRAINING,4825,918,3907,0,1
ASSOC VP,652001,DOMESTIC TRAVEL,57900,66344,-8444,1,0
ASSOC VP,652101,TRAVEL FOREIGN,45838,33948,11890,0,1
ASSOC VP,652503,OTH MISC NON TRAVEL,2413,545,1868,0,1
ASSOC VP,692300,SRV CTR-SUPPLIES,,1,-1,1,0
ASSOC VP,692400,SRV CTR-SERVICES,17370,33446,-16076,1,0
ASSOC VP,940500,FUNDING TRANSFER,,5731,-5731,1,0
ASSOC VP,960102,VACATION SAL OFFSET,-6330,8812,-15142,1,0
ASSOC VP,960202,VACATN FRINGE OFFSET,-2247,3128,-5375,1,0
ASSOC VP,960400,SERVICES,,3634,-3634,1,0
ASSOC VP,960440,MISC EXP ALLOC,,1182,-1182,1,0
ASSOC VP,960466,RENT,,250,-250,1,0
ASSOC VP,960497,PARKING,,390,-390,1,0
LAUNCH,414313,EV PRF ADM TCK SALES,,-11875,11875,0,1
LAUNCH,612001,SAL-ADM STAFF FT/PT,,-530,530,0,1
LAUNCH,620001,FRINGE BEN EXP FT/PT,,-188,188,0,1
LAUNCH,632001,OTHER INSTRUCT SUP,,1697,-1697,1,0
LAUNCH,633032,OFFICE SUPPLIES,,139,-139,1,0
LAUNCH,640101,RENTAL SHORT-TERM,,566,-566,1,0
LAUNCH,640281,POSTAGE,,276,-276,1,0
LAUNCH,640301,CONT SVCS-GENL,,150,-150,1,0
LAUNCH,640304,CONSULTANT SVCS 1,,141581,-141581,1,0
LAUNCH,640381,PROF SERVICES-EXT,,1344,-1344,1,0
LAUNCH,642001,MEALS & ENT UNALLOW,,806719,-806719,1,0
LAUNCH,642002,MEALS NON TRAVEL,,185,-185,1,0
LAUNCH,642501,PRINTING,,169,-169,1,0
LAUNCH,652001,DOMESTIC TRAVEL,,254,-254,1,0
LAUNCH,692400,SRV CTR-SERVICES,,46816,-46816,1,0
LAUNCH,940500,FUNDING TRANSFER,,-22981,22981,0,1
LAUNCH,960300,SUPPLIES TRANSFERS,,-108,108,0,1
LAUNCH,960400,SERVICES,,156707,-156707,1,0
LAUNCH,960440,MISC EXP ALLOC,,-5361,5361,0,1
LAUNCH,960497,PARKING,,675,-675,1,0
LAUNCH,995402,PRCHSVC OTH-NON DSM,,-300,300,0,1
CAMPAIGN,612001,SAL-ADM STAFF FT/PT,140618,140602,16,0,1
CAMPAIGN,612003,SAL-ADM FT/PT OT STD,,77,-77,1,0
CAMPAIGN,616104,SPEC PROJ SUP (TLC),,7620,-7620,1,0
CAMPAIGN,620001,FRINGE BEN EXP FT/PT,49919,49914,5,0,1
CAMPAIGN,620002,FRINGE BEN EXP TLC,,616,-616,1,0
CAMPAIGN,631003,NONCAPITAL PC PURCH,,79,-79,1,0
CAMPAIGN,632001,OTHER INSTRUCT SUP,,395,-395,1,0
CAMPAIGN,633032,OFFICE SUPPLIES,,1140,-1140,1,0
CAMPAIGN,633037,PUBS/JOURNALS/SUBSC,,29,-29,1,0
CAMPAIGN,640282,DELIVERY SERVICE,,44,-44,1,0
CAMPAIGN,640301,CONT SVCS-GENL,,, -   ,0,1
CAMPAIGN,640304,CONSULTANT SVCS 1,38600,,38600,0,1
CAMPAIGN,640381,PROF SERVICES-EXT,,103295,-103295,1,0
CAMPAIGN,641508,EVENTS/GIFTS/AWARDS,,164,-164,1,0
CAMPAIGN,642002,MEALS NON TRAVEL,,1216,-1216,1,0
CAMPAIGN,642501,PRINTING,,156120,-156120,1,0
CAMPAIGN,647001,TRAINING,,75,-75,1,0
CAMPAIGN,652001,DOMESTIC TRAVEL,,2751,-2751,1,0
CAMPAIGN,692400,SRV CTR-SERVICES,4825,12198,-7373,1,0
CAMPAIGN,960102,VACATION SAL OFFSET,-8437,,-8437,0,0
CAMPAIGN,960202,VACATN FRINGE OFFSET,-2995,,-2995,0,0
CAMPAIGN,960400,SERVICES,,-90078,90078,0,1
CAMPAIGN,960477,MEDIA SVCS,,27,-27,1,0
CAMPAIGN,960497,PARKING,,156,-156,1,0
CAMPAIGN,960950,MGMT FEES,,270,-270,1,0
EARLY ENGAGEMENT,414313,EV PRF ADM TCK SALES,,-14264,14264,0,1
EARLY ENGAGEMENT,430100,UNR CONTRIBUTION REV,,-300,300,0,1
EARLY ENGAGEMENT,430110,GIFT ASSESSMENT UNRA,,12,-12,1,0
EARLY ENGAGEMENT,612001,SAL-ADM STAFF FT/PT,118922,83618,35304,0,1
EARLY ENGAGEMENT,615004,SAL-STU UNDGRD,,500,-500,1,0
EARLY ENGAGEMENT,620001,FRINGE BEN EXP FT/PT,42217,29685,12532,0,1
EARLY ENGAGEMENT,632001,OTHER INSTRUCT SUP,1930,5331,-3401,1,0
EARLY ENGAGEMENT,633024,LAB MATERIAL/SUPPLIE,,129,-129,1,0
EARLY ENGAGEMENT,633032,OFFICE SUPPLIES,,34,-34,1,0
EARLY ENGAGEMENT,640101,RENTAL SHORT-TERM,,3225,-3225,1,0
EARLY ENGAGEMENT,640282,DELIVERY SERVICE,,69,-69,1,0
EARLY ENGAGEMENT,640304,CONSULTANT SVCS 1,,4682,-4682,1,0
EARLY ENGAGEMENT,640381,PROF SERVICES-EXT,965,30623,-29658,1,0
EARLY ENGAGEMENT,641508,EVENTS/GIFTS/AWARDS,,230,-230,1,0
EARLY ENGAGEMENT,642001,MEALS & ENT UNALLOW,33775,48594,-14819,1,0
EARLY ENGAGEMENT,642002,MEALS NON TRAVEL,3860,3081,779,0,1
EARLY ENGAGEMENT,642501,PRINTING,965,52,913,0,1
EARLY ENGAGEMENT,647001,TRAINING,965,,965,0,1
EARLY ENGAGEMENT,652001,DOMESTIC TRAVEL,9650,5350,4300,0,1
EARLY ENGAGEMENT,652503,OTH MISC NON TRAVEL,38600,97,38503,0,1
EARLY ENGAGEMENT,692300,SRV CTR-SUPPLIES,,9,-9,1,0
EARLY ENGAGEMENT,692400,SRV CTR-SERVICES,5790,6569,-779,1,0
EARLY ENGAGEMENT,940500,FUNDING TRANSFER,,866,-866,1,0
EARLY ENGAGEMENT,960102,VACATION SAL OFFSET,-7135,,-7135,0,0
EARLY ENGAGEMENT,960202,VACATN FRINGE OFFSET,-2533,,-2533,0,0
EARLY ENGAGEMENT,960400,SERVICES,,150,-150,1,0
TRAINING,612001,SAL-ADM STAFF FT/PT,247655,242362,5293,0,1
TRAINING,615003,SAL-STU UNDGRAD FWS,32500,,32500,0,1
TRAINING,615020,SAL GRADS,,2500,-2500,1,0
TRAINING,615021,SAL UNGRAD,,25000,-25000,1,0
TRAINING,616104,SPEC PROJ SUP (TLC),,2500,-2500,1,0
TRAINING,620001,FRINGE BEN EXP FT/PT,87918,86038,1880,0,1
TRAINING,631003,NONCAPITAL PC PURCH,10615,1236,9379,0,1
TRAINING,632001,OTHER INSTRUCT SUP,6273,19011,-12738,1,0
TRAINING,632002,UNALLOC PCARD EXP,, -   , -   ,0,1
TRAINING,633037,PUBS/JOURNALS/SUBSC,965,857,108,0,1
TRAINING,640281,POSTAGE,483,128,355,0,1
TRAINING,640282,DELIVERY SERVICE,48,20,28,0,1
TRAINING,640301,CONT SVCS-GENL,241,556,-315,1,0
TRAINING,640381,PROF SERVICES-EXT,4825,130,4695,0,1
TRAINING,640403,MEMBERSHIPS/DUES,290,350,-60,1,0
TRAINING,641508,EVENTS/GIFTS/AWARDS,676,38,638,0,1
TRAINING,642001,MEALS & ENT UNALLOW,1448,1781,-333,1,0
TRAINING,642002,MEALS NON TRAVEL,2316,290,2026,0,1
TRAINING,642101,MRKT/ADVERTISING,,, -   ,0,1
TRAINING,642501,PRINTING,4825,,4825,0,1
TRAINING,647001,TRAINING,17177,13734,3443,0,1
TRAINING,652001,DOMESTIC TRAVEL,5790,4428,1362,0,1
TRAINING,652503,OTH MISC NON TRAVEL,483,50,433,0,1
TRAINING,692400,SRV CTR-SERVICES,4825,4838,-13,1,0
TRAINING,960102,VACATION SAL OFFSET,-14859,6242,-21101,1,0
TRAINING,960202,VACATN FRINGE OFFSET,-5275,2216,-7491,1,0
TRAINING,960440,MISC EXP ALLOC,,28,-28,1,0
TRAINING,960466,RENT,,50,-50,1,0
TRAINING,960477,MEDIA SVCS,,743,-743,1,0
LEADERSHIP IN ACTION,632001,OTHER INSTRUCT SUP,,2521,-2521,1,0
LEADERSHIP IN ACTION,633032,OFFICE SUPPLIES,,70,-70,1,0
LEADERSHIP IN ACTION,640281,POSTAGE,,3,-3,1,0
LEADERSHIP IN ACTION,640282,DELIVERY SERVICE,,142,-142,1,0
LEADERSHIP IN ACTION,640304,CONSULTANT SVCS 1,,10898,-10898,1,0
LEADERSHIP IN ACTION,640381,PROF SERVICES-EXT,,17536,-17536,1,0
LEADERSHIP IN ACTION,640403,MEMBERSHIPS/DUES,,15267,-15267,1,0
LEADERSHIP IN ACTION,642001,MEALS & ENT UNALLOW,,22031,-22031,1,0
LEADERSHIP IN ACTION,642002,MEALS NON TRAVEL,,6072,-6072,1,0
LEADERSHIP IN ACTION,647001,TRAINING,36500,-119905,156405,0,1
LEADERSHIP IN ACTION,652001,DOMESTIC TRAVEL,,76079,-76079,1,0
LEADERSHIP IN ACTION,652503,OTH MISC NON TRAVEL,,317,-317,1,0
LEADERSHIP IN ACTION,692400,SRV CTR-SERVICES,,302,-302,1,0
LEADERSHIP IN ACTION,940500,FUNDING TRANSFER,,275,-275,1,0
LEADERSHIP IN ACTION,960400,SERVICES,,150,-150,1,0
LEADERSHIP IN ACTION,960477,MEDIA SVCS,,135,-135,1,0
HR,612001,SAL-ADM STAFF FT/PT,320508,302974,17534,0,1
HR,612002,SAL-ADM FT/PT OT PR,250,,250,0,1
HR,612003,SAL-ADM FT/PT OT STD,250,163,87,0,1
HR,612004,SAL- ADMIN STAFF TLC,,1484,-1484,1,0
HR,620001,FRINGE BEN EXP FT/PT,113780,107978,5802,0,1
HR,620002,FRINGE BEN EXP TLC,40,37,3,0,1
HR,631003,NONCAPITAL PC PURCH,2895,1310,1585,0,1
HR,632001,OTHER INSTRUCT SUP,2413,3067,-654,1,0
HR,633032,OFFICE SUPPLIES,,63,-63,1,0
HR,633037,PUBS/JOURNALS/SUBSC,3860,,3860,0,1
HR,640041,PUR OUTSDE LABOR SVC,,1293,-1293,1,0
HR,640281,POSTAGE,97,43,54,0,1
HR,640282,DELIVERY SERVICE,869,271,598,0,1
HR,640381,PROF SERVICES-EXT,48250,50833,-2583,1,0
HR,640403,MEMBERSHIPS/DUES,1062,660,402,0,1
HR,641405,WIRELESS PHONE,,89,-89,1,0
HR,641508,EVENTS/GIFTS/AWARDS,,514,-514,1,0
HR,642002,MEALS NON TRAVEL,772,1183,-411,1,0
HR,642118,PUB AFFAIRS UNALLOW,,75,-75,1,0
HR,647001,TRAINING,3378,6134,-2756,1,0
HR,651852,CREDIT CARD FEES,,25,-25,1,0
HR,652001,DOMESTIC TRAVEL,3378,3605,-227,1,0
HR,652002,DOMESTIC TRAVEL-FUEL,,45,-45,1,0
HR,692300,SRV CTR-SUPPLIES,,1,-1,1,0
HR,692400,SRV CTR-SERVICES,2895,8041,-5146,1,0
HR,960102,VACATION SAL OFFSET,-19230,10620,-29850,1,0
HR,960202,VACATN FRINGE OFFSET,-6827,3769,-10596,1,0
HR,960497,PARKING,,3700,-3700,1,0
PAYROLL/NON PAYROLL,612001,SAL-ADM STAFF FT/PT,,4280,-4280,1,0
PAYROLL/NON PAYROLL,620001,FRINGE BEN EXP FT/PT,,1519,-1519,1,0
PAYROLL/NON PAYROLL,692400,SRV CTR-SERVICES,,319,-319,1,0
EVENTS,414313,EV PRF ADM TCK SALES,-28000,-27864,-136,0,0
EVENTS,612001,SAL-ADM STAFF FT/PT,229385,229456,-71,1,0
EVENTS,612004,SAL- ADMIN STAFF TLC,,5565,-5565,1,0
EVENTS,612006,SAL-ADM TLC OT STD,,128,-128,1,0
EVENTS,615004,SAL-STU UNDGRD,15800,6550,9250,0,1
EVENTS,620001,FRINGE BEN EXP FT/PT,81432,81457,-25,1,0
EVENTS,620002,FRINGE BEN EXP TLC,1264,455,809,0,1
EVENTS,631003,NONCAPITAL PC PURCH,1448,1522,-74,1,0
EVENTS,632001,OTHER INSTRUCT SUP,1448,3324,-1876,1,0
EVENTS,632002,UNALLOC PCARD EXP,, -   , -   ,0,1
EVENTS,633037,PUBS/JOURNALS/SUBSC,,54,-54,1,0
EVENTS,637001,EQ MAINT AGRMT,290,131,159,0,1
EVENTS,640281,POSTAGE,241,5,236,0,1
EVENTS,640282,DELIVERY SERVICE,48,38,10,0,1
EVENTS,640301,CONT SVCS-GENL,97,,97,0,1
EVENTS,640403,MEMBERSHIPS/DUES,, -   , -   ,0,1
EVENTS,641508,EVENTS/GIFTS/AWARDS,48,425,-377,1,0
EVENTS,642001,MEALS & ENT UNALLOW,,192,-192,1,0
EVENTS,642002,MEALS NON TRAVEL,193,467,-274,1,0
EVENTS,647001,TRAINING,483,,483,0,1
EVENTS,651851,BANK SERVICE CHARGES,,9101,-9101,1,0
EVENTS,652001,DOMESTIC TRAVEL,9650,3083,6567,0,1
EVENTS,652101,TRAVEL FOREIGN,24125,2994,21131,0,1
EVENTS,652503,OTH MISC NON TRAVEL,,5,-5,1,0
EVENTS,692400,SRV CTR-SERVICES,5790,4416,1374,0,1
EVENTS,940500,FUNDING TRANSFER,,-40,40,0,1
EVENTS,960102,VACATION SAL OFFSET,-11623,2948,-14571,1,0
EVENTS,960202,VACATN FRINGE OFFSET,-4126,1047,-5173,1,0
EVENTS,960400,SERVICES,,-302,302,0,1
EVENTS,960440,MISC EXP ALLOC,,587,-587,1,0
VOLUNTEER SUMMIT,612001,SAL-ADM STAFF FT/PT,169669,168147,1522,0,1
VOLUNTEER SUMMIT,612003,SAL-ADM FT/PT OT STD,,1356,-1356,1,0
VOLUNTEER SUMMIT,616104,SPEC PROJ SUP (TLC),,3100,-3100,1,0
VOLUNTEER SUMMIT,620001,FRINGE BEN EXP FT/PT,60233,59692,541,0,1
VOLUNTEER SUMMIT,620002,FRINGE BEN EXP TLC,,357,-357,1,0
VOLUNTEER SUMMIT,632001,OTHER INSTRUCT SUP,772,8629,-7857,1,0
VOLUNTEER SUMMIT,633024,LAB MATERIAL/SUPPLIE,,0,0,0,1
VOLUNTEER SUMMIT,633032,OFFICE SUPPLIES,,6,-6,1,0
VOLUNTEER SUMMIT,633037,PUBS/JOURNALS/SUBSC,483,197,286,0,1
VOLUNTEER SUMMIT,640282,DELIVERY SERVICE,,144,-144,1,0
VOLUNTEER SUMMIT,640304,CONSULTANT SVCS 1,, -   , -   ,0,1
VOLUNTEER SUMMIT,640381,PROF SERVICES-EXT,,8746,-8746,1,0
VOLUNTEER SUMMIT,640403,MEMBERSHIPS/DUES,, -   , -   ,0,1
VOLUNTEER SUMMIT,641601,LOCAL TRANS(PAT REL),, -   , -   ,0,1
VOLUNTEER SUMMIT,642001,MEALS & ENT UNALLOW,144750,160657,-15907,1,0
VOLUNTEER SUMMIT,642002,MEALS NON TRAVEL,,788,-788,1,0
VOLUNTEER SUMMIT,647001,TRAINING,965,,965,0,1
VOLUNTEER SUMMIT,652001,DOMESTIC TRAVEL,3860,3752,108,0,1
VOLUNTEER SUMMIT,652101,TRAVEL FOREIGN,,31,-31,1,0
VOLUNTEER SUMMIT,652503,OTH MISC NON TRAVEL,48250,5149,43101,0,1
VOLUNTEER SUMMIT,692400,SRV CTR-SERVICES,4825,26207,-21382,1,0
VOLUNTEER SUMMIT,940500,FUNDING TRANSFER,,-15969,15969,0,1
VOLUNTEER SUMMIT,960102,VACATION SAL OFFSET,-10180,5401,-15581,1,0
VOLUNTEER SUMMIT,960202,VACATN FRINGE OFFSET,-3614,1917,-5531,1,0
VOLUNTEER SUMMIT,960400,SERVICES,,-3272,3272,0,1
STAFF EVENTS,632001,OTHER INSTRUCT SUP,,86,-86,1,0
STAFF EVENTS,633037,PUBS/JOURNALS/SUBSC,,163,-163,1,0
STAFF EVENTS,642001,MEALS & ENT UNALLOW,28950,30528,-1578,1,0
STAFF EVENTS,652503,OTH MISC NON TRAVEL,,100,-100,1,0
STAFF EVENTS,692400,SRV CTR-SERVICES,,378,-378,1,0
STAFF EVENTS,940500,FUNDING TRANSFER,,40,-40,1,0
STAFF EVENTS,960400,SERVICES,,2308,-2308,1,0
STAFF EVENTS,960466,RENT,,400,-400,1,0
STAFF EVENTS,960497,PARKING,,728,-728,1,0
RESEARCH,612001,SAL-ADM STAFF FT/PT,778129,612109,166020,0,1
RESEARCH,612004,SAL- ADMIN STAFF TLC,,1838,-1838,1,0
RESEARCH,615004,SAL-STU UNDGRD,5500,,5500,0,1
RESEARCH,616104,SPEC PROJ SUP (TLC),,488,-488,1,0
RESEARCH,620001,FRINGE BEN EXP FT/PT,276236,217299,58937,0,1
RESEARCH,620002,FRINGE BEN EXP TLC,440,186,254,0,1
RESEARCH,631003,NONCAPITAL PC PURCH,7238,,7238,0,1
RESEARCH,632001,OTHER INSTRUCT SUP,2895,1323,1572,0,1
RESEARCH,633037,PUBS/JOURNALS/SUBSC,108563,144504,-35941,1,0
RESEARCH,640282,DELIVERY SERVICE,,14,-14,1,0
RESEARCH,640403,MEMBERSHIPS/DUES,2895,1905,990,0,1
RESEARCH,641508,EVENTS/GIFTS/AWARDS,,25,-25,1,0
RESEARCH,642001,MEALS & ENT UNALLOW,,18,-18,1,0
RESEARCH,642002,MEALS NON TRAVEL,,206,-206,1,0
RESEARCH,647001,TRAINING,9650,6984,2666,0,1
RESEARCH,647002,CONFERENCE/SEMINAR,,, -   ,0,1
RESEARCH,652001,DOMESTIC TRAVEL,9650,6881,2769,0,1
RESEARCH,652502,MISC UNNALLOW,,69,-69,1,0
RESEARCH,692400,SRV CTR-SERVICES,5790,5959,-169,1,0
RESEARCH,960102,VACATION SAL OFFSET,-46688,,-46688,0,0
RESEARCH,960202,VACATN FRINGE OFFSET,-16574,,-16574,0,0
RESEARCH,960400,SERVICES,,75,-75,1,0
DATA ADMINISTRATION,612001,SAL-ADM STAFF FT/PT,1180501,1007826,172675,0,1
DATA ADMINISTRATION,612003,SAL-ADM FT/PT OT STD,,3371,-3371,1,0
DATA ADMINISTRATION,620001,FRINGE BEN EXP FT/PT,419078,357777,61301,0,1
DATA ADMINISTRATION,620002,FRINGE BEN EXP TLC,,270,-270,1,0
DATA ADMINISTRATION,631002,NONCAPITAL EQUIPMENT,13510,3971,9539,0,1
DATA ADMINISTRATION,632001,OTHER INSTRUCT SUP,28468,22141,6327,0,1
DATA ADMINISTRATION,633032,OFFICE SUPPLIES,, -   , -   ,0,1
DATA ADMINISTRATION,633037,PUBS/JOURNALS/SUBSC,965,,965,0,1
DATA ADMINISTRATION,637001,EQ MAINT AGRMT,5790,3560,2230,0,1
DATA ADMINISTRATION,640041,PUR OUTSDE LABOR SVC,27020,40385,-13365,1,0
DATA ADMINISTRATION,640202,EQUIP LEASE PYMT(UR),9650,7718,1932,0,1
DATA ADMINISTRATION,640281,POSTAGE,28950,25791,3159,0,1
DATA ADMINISTRATION,640282,DELIVERY SERVICE,2027,1364,663,0,1
DATA ADMINISTRATION,640301,CONT SVCS-GENL,965,,965,0,1
DATA ADMINISTRATION,640325,WASTE REMOVAL,,347,-347,1,0
DATA ADMINISTRATION,640381,PROF SERVICES-EXT,,5020,-5020,1,0
DATA ADMINISTRATION,640403,MEMBERSHIPS/DUES,241,321,-80,1,0
DATA ADMINISTRATION,642002,MEALS NON TRAVEL,483,200,283,0,1
DATA ADMINISTRATION,651852,CREDIT CARD FEES,4825,3215,1610,0,1
DATA ADMINISTRATION,652001,DOMESTIC TRAVEL,,56,-56,1,0
DATA ADMINISTRATION,652503,OTH MISC NON TRAVEL,483,342,141,0,1
DATA ADMINISTRATION,653406,MAJOR MOVABLE EQUIP,,8795,-8795,1,0
DATA ADMINISTRATION,692400,SRV CTR-SERVICES,,2916,-2916,1,0
DATA ADMINISTRATION,940500,FUNDING TRANSFER,,-1035,1035,0,1
DATA ADMINISTRATION,960102,VACATION SAL OFFSET,-70830,9740,-80570,1,0
DATA ADMINISTRATION,960202,VACATN FRINGE OFFSET,-25145,,-25145,0,0
INFORMATION SYSTEMS,612001,SAL-ADM STAFF FT/PT,428685,384277,44408,0,1
INFORMATION SYSTEMS,616102,NON-CLIN FAC/STF PER,,3000,-3000,1,0
INFORMATION SYSTEMS,620001,FRINGE BEN EXP FT/PT,152183,136418,15765,0,1
INFORMATION SYSTEMS,620002,FRINGE BEN EXP TLC,,240,-240,1,0
INFORMATION SYSTEMS,631003,NONCAPITAL PC PURCH,,, -   ,0,1
INFORMATION SYSTEMS,632001,OTHER INSTRUCT SUP,4825,3810,1015,0,1
INFORMATION SYSTEMS,633032,OFFICE SUPPLIES,,288,-288,1,0
INFORMATION SYSTEMS,633037,PUBS/JOURNALS/SUBSC,193,,193,0,1
INFORMATION SYSTEMS,637001,EQ MAINT AGRMT,99299,88897,10402,0,1
INFORMATION SYSTEMS,640202,EQUIP LEASE PYMT(UR),5308,,5308,0,1
INFORMATION SYSTEMS,640282,DELIVERY SERVICE,,15,-15,1,0
INFORMATION SYSTEMS,640381,PROF SERVICES-EXT,475070,241588,233482,0,1
INFORMATION SYSTEMS,642001,MEALS & ENT UNALLOW,,122,-122,1,0
INFORMATION SYSTEMS,642002,MEALS NON TRAVEL,2413,1226,1187,0,1
INFORMATION SYSTEMS,642501,PRINTING,,35,-35,1,0
INFORMATION SYSTEMS,652001,DOMESTIC TRAVEL,2413,3521,-1108,1,0
INFORMATION SYSTEMS,692400,SRV CTR-SERVICES,33775,57642,-23867,1,0
INFORMATION SYSTEMS,940500,FUNDING TRANSFER,,-165,165,0,1
INFORMATION SYSTEMS,960102,VACATION SAL OFFSET,-25721,10496,-36217,1,0
INFORMATION SYSTEMS,960202,VACATN FRINGE OFFSET,-9131,3726,-12857,1,0
INFORMATION SYSTEMS,960400,SERVICES,-301536,-276047,-25489,0,0
INFORMATION SYSTEMS,985402,PRCHSVC OTH-NON DSM,,4,-4,1,0
IT & PROSPECT MGMT,612001,SAL-ADM STAFF FT/PT,195494,191491,4003,0,1
IT & PROSPECT MGMT,616102,NON-CLIN FAC/STF PER,,7500,-7500,1,0
IT & PROSPECT MGMT,620001,FRINGE BEN EXP FT/PT,69400,67979,1421,0,1
IT & PROSPECT MGMT,620002,FRINGE BEN EXP TLC,,600,-600,1,0
IT & PROSPECT MGMT,631003,NONCAPITAL PC PURCH,23950,31622,-7672,1,0
IT & PROSPECT MGMT,632001,OTHER INSTRUCT SUP,3790,2423,1367,0,1
IT & PROSPECT MGMT,640102,LEASED FAC- EXTERNAL,544164,521029,23135,0,1
IT & PROSPECT MGMT,640281,POSTAGE,,-211,211,0,1
IT & PROSPECT MGMT,640301,CONT SVCS-GENL,8685,5846,2839,0,1
IT & PROSPECT MGMT,640381,PROF SERVICES-EXT,,634,-634,1,0
IT & PROSPECT MGMT,640403,MEMBERSHIPS/DUES,386,,386,0,1
IT & PROSPECT MGMT,641402,TELEPH LONG DISTANCE,,-2,2,0,1
IT & PROSPECT MGMT,641508,EVENTS/GIFTS/AWARDS,,70,-70,1,0
IT & PROSPECT MGMT,642001,MEALS & ENT UNALLOW,,2338,-2338,1,0
IT & PROSPECT MGMT,642002,MEALS NON TRAVEL,1448,545,903,0,1
IT & PROSPECT MGMT,647001,TRAINING,16449,21374,-4925,1,0
IT & PROSPECT MGMT,652001,DOMESTIC TRAVEL,12563,13044,-481,1,0
IT & PROSPECT MGMT,692400,SRV CTR-SERVICES,29896,47331,-17435,1,0
IT & PROSPECT MGMT,940500,FUNDING TRANSFER,,4499,-4499,1,0
IT & PROSPECT MGMT,960102,VACATION SAL OFFSET,-11730,4751,-16481,1,0
IT & PROSPECT MGMT,960202,VACATN FRINGE OFFSET,-4164,1687,-5851,1,0
RELATIONSHIP MGMT,612001,SAL-ADM STAFF FT/PT,276326,244133,32193,0,1
RELATIONSHIP MGMT,615003,SAL-STU UNDGRAD FWS,,187,-187,1,0
RELATIONSHIP MGMT,620001,FRINGE BEN EXP FT/PT,98096,86667,11429,0,1
RELATIONSHIP MGMT,620002,FRINGE BEN EXP TLC,,160,-160,1,0
RELATIONSHIP MGMT,631003,NONCAPITAL PC PURCH,1448,1015,433,0,1
RELATIONSHIP MGMT,632001,OTHER INSTRUCT SUP,2895,393,2502,0,1
RELATIONSHIP MGMT,632002,UNALLOC PCARD EXP,, -   , -   ,0,1
RELATIONSHIP MGMT,633032,OFFICE SUPPLIES,, -   , -   ,0,1
RELATIONSHIP MGMT,633037,PUBS/JOURNALS/SUBSC,1448,161,1287,0,1
RELATIONSHIP MGMT,640282,DELIVERY SERVICE,48,22,26,0,1
RELATIONSHIP MGMT,640301,CONT SVCS-GENL,386,,386,0,1
RELATIONSHIP MGMT,640381,PROF SERVICES-EXT,,17807,-17807,1,0
RELATIONSHIP MGMT,640403,MEMBERSHIPS/DUES,579,640,-61,1,0
RELATIONSHIP MGMT,641405,WIRELESS PHONE,,-115,115,0,1
RELATIONSHIP MGMT,642001,MEALS & ENT UNALLOW,193,173,20,0,1
RELATIONSHIP MGMT,642002,MEALS NON TRAVEL,965,846,119,0,1
RELATIONSHIP MGMT,647001,TRAINING,3860,3407,453,0,1
RELATIONSHIP MGMT,652001,DOMESTIC TRAVEL,4825,2186,2639,0,1
RELATIONSHIP MGMT,652501,MVG EXP-NON TAXABLE,, -   , -   ,0,1
RELATIONSHIP MGMT,652503,OTH MISC NON TRAVEL,965,,965,0,1
RELATIONSHIP MGMT,692400,SRV CTR-SERVICES,4343,3013,1330,0,1
RELATIONSHIP MGMT,960102,VACATION SAL OFFSET,-16580,,-16580,0,0
RELATIONSHIP MGMT,960202,VACATN FRINGE OFFSET,-5886,,-5886,0,0
DAR CUSTOMER SERVICE,612001,SAL-ADM STAFF FT/PT,483660,470238,13422,0,1
DAR CUSTOMER SERVICE,620001,FRINGE BEN EXP FT/PT,171699,166935,4764,0,1
DAR CUSTOMER SERVICE,631001,FURNITURE,, -   , -   ,0,1
DAR CUSTOMER SERVICE,632001,OTHER INSTRUCT SUP,4343,3550,793,0,1
DAR CUSTOMER SERVICE,633037,PUBS/JOURNALS/SUBSC,,571,-571,1,0
DAR CUSTOMER SERVICE,640041,PUR OUTSDE LABOR SVC,,22027,-22027,1,0
DAR CUSTOMER SERVICE,640281,POSTAGE,,1420,-1420,1,0
DAR CUSTOMER SERVICE,640282,DELIVERY SERVICE,48,29,19,0,1
DAR CUSTOMER SERVICE,642001,MEALS & ENT UNALLOW,,169,-169,1,0
DAR CUSTOMER SERVICE,642002,MEALS NON TRAVEL,386,,386,0,1
DAR CUSTOMER SERVICE,652001,DOMESTIC TRAVEL,193,192,1,0,1
DAR CUSTOMER SERVICE,692400,SRV CTR-SERVICES,2895,439,2456,0,1
DAR CUSTOMER SERVICE,940500,FUNDING TRANSFER,,-60,60,0,1
DAR CUSTOMER SERVICE,960102,VACATION SAL OFFSET,-29020,6362,-35382,1,0
DAR CUSTOMER SERVICE,960202,VACATN FRINGE OFFSET,-10302,2259,-12561,1,0
PRODUCT DEVELOPMENT,612001,SAL-ADM STAFF FT/PT,517059,424663,92396,0,1
PRODUCT DEVELOPMENT,613001,SAL-NADM STF FT/PT,,98202,-98202,1,0
PRODUCT DEVELOPMENT,620001,FRINGE BEN EXP FT/PT,183556,185617,-2061,1,0
PRODUCT DEVELOPMENT,632001,OTHER INSTRUCT SUP,2027,1857,170,0,1
PRODUCT DEVELOPMENT,633037,PUBS/JOURNALS/SUBSC,97, -   ,97,0,1
PRODUCT DEVELOPMENT,640301,CONT SVCS-GENL,14475,-1,14476,0,1
PRODUCT DEVELOPMENT,640381,PROF SERVICES-EXT,9650,350,9300,0,1
PRODUCT DEVELOPMENT,642002,MEALS NON TRAVEL,724,730,-6,1,0
PRODUCT DEVELOPMENT,642118,PUB AFFAIRS UNALLOW,,495,-495,1,0
PRODUCT DEVELOPMENT,642501,PRINTING,,147,-147,1,0
PRODUCT DEVELOPMENT,652001,DOMESTIC TRAVEL,,163,-163,1,0
PRODUCT DEVELOPMENT,692400,SRV CTR-SERVICES,1448,220,1228,0,1
PRODUCT DEVELOPMENT,940500,FUNDING TRANSFER,,-180,180,0,1
PRODUCT DEVELOPMENT,960102,VACATION SAL OFFSET,-31024,2491,-33515,1,0
PRODUCT DEVELOPMENT,960202,VACATN FRINGE OFFSET,-11013,885,-11898,1,0
DOCUMENT MANAGEMENT,612001,SAL-ADM STAFF FT/PT,114364,114498,-134,1,0
DOCUMENT MANAGEMENT,620001,FRINGE BEN EXP FT/PT,40599,40647,-48,1,0
DOCUMENT MANAGEMENT,632001,OTHER INSTRUCT SUP,965,958,7,0,1
DOCUMENT MANAGEMENT,637001,EQ MAINT AGRMT,965,,965,0,1
DOCUMENT MANAGEMENT,640041,PUR OUTSDE LABOR SVC,7720,,7720,0,1
DOCUMENT MANAGEMENT,640281,POSTAGE,, -   , -   ,0,1
DOCUMENT MANAGEMENT,640381,PROF SERVICES-EXT,77200,80118,-2918,1,0
DOCUMENT MANAGEMENT,652001,DOMESTIC TRAVEL,,70,-70,1,0
DOCUMENT MANAGEMENT,652503,OTH MISC NON TRAVEL,290,25,265,0,1
DOCUMENT MANAGEMENT,692400,SRV CTR-SERVICES,,986,-986,1,0
DOCUMENT MANAGEMENT,940500,FUNDING TRANSFER,,-1649,1649,0,1
DOCUMENT MANAGEMENT,960102,VACATION SAL OFFSET,-6862,1047,-7909,1,0
DOCUMENT MANAGEMENT,960202,VACATN FRINGE OFFSET,-2436,372,-2808,1,0
DATA & ANALYTICS,612001,SAL-ADM STAFF FT/PT,453414,356239,97175,0,1
DATA & ANALYTICS,620001,FRINGE BEN EXP FT/PT,160962,126464,34498,0,1
DATA & ANALYTICS,632001,OTHER INSTRUCT SUP,1930,1935,-5,1,0
DATA & ANALYTICS,633032,OFFICE SUPPLIES,,85,-85,1,0
DATA & ANALYTICS,640381,PROF SERVICES-EXT,72375,1669,70706,0,1
DATA & ANALYTICS,642001,MEALS & ENT UNALLOW,,123,-123,1,0
DATA & ANALYTICS,642002,MEALS NON TRAVEL,724,142,582,0,1
DATA & ANALYTICS,642501,PRINTING,,217,-217,1,0
DATA & ANALYTICS,652001,DOMESTIC TRAVEL,,-1113,1113,0,1
DATA & ANALYTICS,960102,VACATION SAL OFFSET,-27205,,-27205,0,0
DATA & ANALYTICS,960202,VACATN FRINGE OFFSET,-9658,,-9658,0,0
COMMUNICATIONS,612001,SAL-ADM STAFF FT/PT,611399,586744,24655,0,1
COMMUNICATIONS,616102,NON-CLIN FAC/STF PER,,250,-250,1,0
COMMUNICATIONS,616104,SPEC PROJ SUP (TLC),,11567,-11567,1,0
COMMUNICATIONS,620001,FRINGE BEN EXP FT/PT,217046,208294,8752,0,1
COMMUNICATIONS,620002,FRINGE BEN EXP TLC,,945,-945,1,0
COMMUNICATIONS,631003,NONCAPITAL PC PURCH,4343,8526,-4183,1,0
COMMUNICATIONS,632001,OTHER INSTRUCT SUP,13510,18290,-4780,1,0
COMMUNICATIONS,632002,UNALLOC PCARD EXP,, -   , -   ,0,1
COMMUNICATIONS,633032,OFFICE SUPPLIES,,10,-10,1,0
COMMUNICATIONS,633037,PUBS/JOURNALS/SUBSC,1930,3085,-1155,1,0
COMMUNICATIONS,640281,POSTAGE,290,40,250,0,1
COMMUNICATIONS,640282,DELIVERY SERVICE,193,376,-183,1,0
COMMUNICATIONS,640301,CONT SVCS-GENL,38600,40890,-2290,1,0
COMMUNICATIONS,640381,PROF SERVICES-EXT,62725,108217,-45492,1,0
COMMUNICATIONS,640403,MEMBERSHIPS/DUES,,660,-660,1,0
COMMUNICATIONS,640406,CPYRGHT/ LICENSE FEE,,30,-30,1,0
COMMUNICATIONS,642001,MEALS & ENT UNALLOW,,620,-620,1,0
COMMUNICATIONS,642002,MEALS NON TRAVEL,965,762,203,0,1
COMMUNICATIONS,642501,PRINTING,58865,14963,43902,0,1
COMMUNICATIONS,647001,TRAINING,965,1328,-363,1,0
COMMUNICATIONS,652001,DOMESTIC TRAVEL,19300,2172,17128,0,1
COMMUNICATIONS,652101,TRAVEL FOREIGN,14475,,14475,0,1
COMMUNICATIONS,652501,MVG EXP-NON TAXABLE,,391,-391,1,0
COMMUNICATIONS,652503,OTH MISC NON TRAVEL,,68,-68,1,0
COMMUNICATIONS,692400,SRV CTR-SERVICES,24125,40557,-16432,1,0
COMMUNICATIONS,940500,FUNDING TRANSFER,,-2501,2501,0,1
COMMUNICATIONS,960102,VACATION SAL OFFSET,-38773,,-38773,0,0
COMMUNICATIONS,960202,VACATN FRINGE OFFSET,-13764,,-13764,0,0
COMMUNICATIONS,960400,SERVICES,,-57495,57495,0,1
COMMUNICATIONS,960497,PARKING,,400,-400,1,0
DONOR AND VOLUNTEER,612001,SAL-ADM STAFF FT/PT,358510,354942,3568,0,1
DONOR AND VOLUNTEER,615003,SAL-STU UNDGRAD FWS,,639,-639,1,0
DONOR AND VOLUNTEER,615004,SAL-STU UNDGRD,15000,1880,13120,0,1
DONOR AND VOLUNTEER,616102,NON-CLIN FAC/STF PER,,7000,-7000,1,0
DONOR AND VOLUNTEER,620001,FRINGE BEN EXP FT/PT,127271,126005,1266,0,1
DONOR AND VOLUNTEER,620002,FRINGE BEN EXP TLC,,560,-560,1,0
DONOR AND VOLUNTEER,631001,FURNITURE,,, -   ,0,1
DONOR AND VOLUNTEER,631003,NONCAPITAL PC PURCH,4343,2710,1633,0,1
DONOR AND VOLUNTEER,632001,OTHER INSTRUCT SUP,4825,4860,-35,1,0
DONOR AND VOLUNTEER,632002,UNALLOC PCARD EXP,, -   , -   ,0,1
DONOR AND VOLUNTEER,633032,OFFICE SUPPLIES,,13,-13,1,0
DONOR AND VOLUNTEER,633037,PUBS/JOURNALS/SUBSC,97,,97,0,1
DONOR AND VOLUNTEER,637001,EQ MAINT AGRMT,772,,772,0,1
DONOR AND VOLUNTEER,640101,RENTAL SHORT-TERM,,511,-511,1,0
DONOR AND VOLUNTEER,640281,POSTAGE,965,1136,-171,1,0
DONOR AND VOLUNTEER,640282,DELIVERY SERVICE,1448,312,1136,0,1
DONOR AND VOLUNTEER,640301,CONT SVCS-GENL,20265,13374,6891,0,1
DONOR AND VOLUNTEER,640304,CONSULTANT SVCS 1,483,14103,-13620,1,0
DONOR AND VOLUNTEER,640323,CONTRACT SVCS-PHOTO,,, -   ,0,1
DONOR AND VOLUNTEER,640381,PROF SERVICES-EXT,,114,-114,1,0
DONOR AND VOLUNTEER,640403,MEMBERSHIPS/DUES,965,450,515,0,1
DONOR AND VOLUNTEER,641405,WIRELESS PHONE,,100,-100,1,0
DONOR AND VOLUNTEER,641508,EVENTS/GIFTS/AWARDS,19300,3248,16052,0,1
DONOR AND VOLUNTEER,642001,MEALS & ENT UNALLOW,5018,3661,1357,0,1
DONOR AND VOLUNTEER,642002,MEALS NON TRAVEL,1158,1437,-279,1,0
DONOR AND VOLUNTEER,642501,PRINTING,48250,11824,36426,0,1
DONOR AND VOLUNTEER,647001,TRAINING,1930,1825,105,0,1
DONOR AND VOLUNTEER,651637,PS BLDG EXP,,, -   ,0,1
DONOR AND VOLUNTEER,652001,DOMESTIC TRAVEL,41013,8078,32935,0,1
DONOR AND VOLUNTEER,652503,OTH MISC NON TRAVEL,965,3068,-2103,1,0
DONOR AND VOLUNTEER,692400,SRV CTR-SERVICES,14475,10865,3610,0,1
DONOR AND VOLUNTEER,940500,FUNDING TRANSFER,,-2045,2045,0,1
DONOR AND VOLUNTEER,960102,VACATION SAL OFFSET,-21511,5269,-26780,1,0
DONOR AND VOLUNTEER,960202,VACATN FRINGE OFFSET,-7636,1871,-9507,1,0
DONOR AND VOLUNTEER,960300,SUPPLIES TRANSFERS,,-2193,2193,0,1
DONOR AND VOLUNTEER,960400,SERVICES,,-395,395,0,1
DONOR AND VOLUNTEER,960477,MEDIA SVCS,,348,-348,1,0
DONOR AND VOLUNTEER,960497,PARKING,,330,-330,1,0
GIFT PLANNING,430100,UNR CONTRIBUTION REV,,5200,-5200,1,0
GIFT PLANNING,612001,SAL-ADM STAFF FT/PT,1384363,1246092,138271,0,1
GIFT PLANNING,612003,SAL-ADM FT/PT OT STD,,2125,-2125,1,0
GIFT PLANNING,615020,SAL GRADS,,20,-20,1,0
GIFT PLANNING,620001,FRINGE BEN EXP FT/PT,491449,442363,49086,0,1
GIFT PLANNING,620002,FRINGE BEN EXP TLC,,170,-170,1,0
GIFT PLANNING,631001,FURNITURE,,, -   ,0,1
GIFT PLANNING,631003,NONCAPITAL PC PURCH,7238,2189,5049,0,1
GIFT PLANNING,632001,OTHER INSTRUCT SUP,11580,5632,5948,0,1
GIFT PLANNING,633032,OFFICE SUPPLIES,,1248,-1248,1,0
GIFT PLANNING,633037,PUBS/JOURNALS/SUBSC,724,1499,-775,1,0
GIFT PLANNING,640041,PUR OUTSDE LABOR SVC,26538,8103,18435,0,1
GIFT PLANNING,640281,POSTAGE,19300,7862,11438,0,1
GIFT PLANNING,640282,DELIVERY SERVICE,2413,3282,-869,1,0
GIFT PLANNING,640283,FULFILLMENT SERVICE,,, -   ,0,1
GIFT PLANNING,640301,CONT SVCS-GENL,,190,-190,1,0
GIFT PLANNING,640304,CONSULTANT SVCS 1,,1425,-1425,1,0
GIFT PLANNING,640325,WASTE REMOVAL,,156,-156,1,0
GIFT PLANNING,640351,SVC PRO EXT LEGL FEE,26055,21191,4864,0,1
GIFT PLANNING,640381,PROF SERVICES-EXT,33775,73278,-39503,1,0
GIFT PLANNING,640401,LICENSES/REGISTRATN,,375,-375,1,0
GIFT PLANNING,640403,MEMBERSHIPS/DUES,1930,3555,-1625,1,0
GIFT PLANNING,641508,EVENTS/GIFTS/AWARDS,,77,-77,1,0
GIFT PLANNING,642001,MEALS & ENT UNALLOW,483,541,-58,1,0
GIFT PLANNING,642002,MEALS NON TRAVEL,4825,3266,1559,0,1
GIFT PLANNING,642118,PUB AFFAIRS UNALLOW,,792,-792,1,0
GIFT PLANNING,642501,PRINTING,483,,483,0,1
GIFT PLANNING,647001,TRAINING,2895,2835,60,0,1
GIFT PLANNING,652001,DOMESTIC TRAVEL,62725,74108,-11383,1,0
GIFT PLANNING,652098,UNALLOC TCARD EXP ,, -   , -   ,0,1
GIFT PLANNING,652101,TRAVEL FOREIGN,,3560,-3560,1,0
GIFT PLANNING,652503,OTH MISC NON TRAVEL,46597,709,45888,0,1
GIFT PLANNING,692300,SRV CTR-SUPPLIES,,151,-151,1,0
GIFT PLANNING,692400,SRV CTR-SERVICES,21230,60790,-39560,1,0
GIFT PLANNING,940500,FUNDING TRANSFER,,951,-951,1,0
GIFT PLANNING,960102,VACATION SAL OFFSET,-83062,8696,-91758,1,0
GIFT PLANNING,960202,VACATN FRINGE OFFSET,-29487,3087,-32574,1,0
GIFT PLANNING,960300,SUPPLIES TRANSFERS,,88,-88,1,0
GIFT PLANNING,960400,SERVICES,-5200,7179,-12379,1,0
GIFT PLANNING,970023,PARKING DIV: COUPONS,,700,-700,1,0
GIFT PLANNING,985402,PRCHSVC OTH-NON DSM,,6000,-6000,1,0
FOUNDATION RELATIONS,612001,SAL-ADM STAFF FT/PT,471118,444381,26737,0,1
FOUNDATION RELATIONS,620001,FRINGE BEN EXP FT/PT,167247,157755,9492,0,1
FOUNDATION RELATIONS,631003,NONCAPITAL PC PURCH,2895,227,2668,0,1
FOUNDATION RELATIONS,632001,OTHER INSTRUCT SUP,4825,1994,2831,0,1
FOUNDATION RELATIONS,633032,OFFICE SUPPLIES,,147,-147,1,0
FOUNDATION RELATIONS,633037,PUBS/JOURNALS/SUBSC,676,4295,-3619,1,0
FOUNDATION RELATIONS,637001,EQ MAINT AGRMT,,115,-115,1,0
FOUNDATION RELATIONS,640281,POSTAGE,145,59,86,0,1
FOUNDATION RELATIONS,640282,DELIVERY SERVICE,579,502,77,0,1
FOUNDATION RELATIONS,640304,CONSULTANT SVCS 1,,65,-65,1,0
FOUNDATION RELATIONS,640403,MEMBERSHIPS/DUES,724,95,629,0,1
FOUNDATION RELATIONS,641508,EVENTS/GIFTS/AWARDS,145, -   ,145,0,1
FOUNDATION RELATIONS,642001,MEALS & ENT UNALLOW,11580,9997,1583,0,1
FOUNDATION RELATIONS,642002,MEALS NON TRAVEL,965,718,247,0,1
FOUNDATION RELATIONS,647001,TRAINING,1448,2047,-599,1,0
FOUNDATION RELATIONS,652001,DOMESTIC TRAVEL,16405,7915,8490,0,1
FOUNDATION RELATIONS,652503,OTH MISC NON TRAVEL,772,102,670,0,1
FOUNDATION RELATIONS,692300,SRV CTR-SUPPLIES,,237,-237,1,0
FOUNDATION RELATIONS,692400,SRV CTR-SERVICES,9650,4971,4679,0,1
FOUNDATION RELATIONS,960102,VACATION SAL OFFSET,-28267,2597,-30864,1,0
FOUNDATION RELATIONS,960202,VACATN FRINGE OFFSET,-10035,922,-10957,1,0
FOUNDATION RELATIONS,960400,SERVICES,,149,-149,1,0
FOUNDATION RELATIONS,960477,MEDIA SVCS,,54,-54,1,0
FOUNDATION RELATIONS,960497,PARKING,,148,-148,1,0
CORPORATE RELATIONS,612001,SAL-ADM STAFF FT/PT,358295,371670,-13375,1,0
CORPORATE RELATIONS,620001,FRINGE BEN EXP FT/PT,127195,131943,-4748,1,0
CORPORATE RELATIONS,631003,NONCAPITAL PC PURCH,1930,33,1897,0,1
CORPORATE RELATIONS,632001,OTHER INSTRUCT SUP,1448,2275,-827,1,0
CORPORATE RELATIONS,633032,OFFICE SUPPLIES,,148,-148,1,0
CORPORATE RELATIONS,633037,PUBS/JOURNALS/SUBSC,338,251,87,0,1
CORPORATE RELATIONS,640281,POSTAGE,48,,48,0,1
CORPORATE RELATIONS,640282,DELIVERY SERVICE,97,11,86,0,1
CORPORATE RELATIONS,640403,MEMBERSHIPS/DUES,579,249,330,0,1
CORPORATE RELATIONS,642001,MEALS & ENT UNALLOW,5790,1351,4439,0,1
CORPORATE RELATIONS,642002,MEALS NON TRAVEL,965,749,216,0,1
CORPORATE RELATIONS,642501,PRINTING,,202,-202,1,0
CORPORATE RELATIONS,647001,TRAINING,483,1844,-1361,1,0
CORPORATE RELATIONS,652001,DOMESTIC TRAVEL,6755,4150,2605,0,1
CORPORATE RELATIONS,652503,OTH MISC NON TRAVEL,965,,965,0,1
CORPORATE RELATIONS,692400,SRV CTR-SERVICES,3378,2945,433,0,1
CORPORATE RELATIONS,960102,VACATION SAL OFFSET,-21498,,-21498,0,0
CORPORATE RELATIONS,960202,VACATN FRINGE OFFSET,-7632,,-7632,0,0
REGIONAL PROGRAM,612001,SAL-ADM STAFF FT/PT,511761,453244,58517,0,1
REGIONAL PROGRAM,615003,SAL-STU UNDGRAD FWS,,438,-438,1,0
REGIONAL PROGRAM,615004,SAL-STU UNDGRD,,155,-155,1,0
REGIONAL PROGRAM,620001,FRINGE BEN EXP FT/PT,181675,160902,20773,0,1
REGIONAL PROGRAM,620002,FRINGE BEN EXP TLC,,5,-5,1,0
REGIONAL PROGRAM,631003,NONCAPITAL PC PURCH,4343,6753,-2410,1,0
REGIONAL PROGRAM,632001,OTHER INSTRUCT SUP,8685,4795,3890,0,1
REGIONAL PROGRAM,633032,OFFICE SUPPLIES,,293,-293,1,0
REGIONAL PROGRAM,633037,PUBS/JOURNALS/SUBSC,290,73,217,0,1
REGIONAL PROGRAM,637001,EQ MAINT AGRMT,193,673,-480,1,0
REGIONAL PROGRAM,640041,PUR OUTSDE LABOR SVC,,10766,-10766,1,0
REGIONAL PROGRAM,640281,POSTAGE,1158,724,434,0,1
REGIONAL PROGRAM,640282,DELIVERY SERVICE,386,1493,-1107,1,0
REGIONAL PROGRAM,640301,CONT SVCS-GENL,,83,-83,1,0
REGIONAL PROGRAM,640381,PROF SERVICES-EXT,,192,-192,1,0
REGIONAL PROGRAM,641402,TELEPH LONG DISTANCE,,22,-22,1,0
REGIONAL PROGRAM,641508,EVENTS/GIFTS/AWARDS,,236,-236,1,0
REGIONAL PROGRAM,642001,MEALS & ENT UNALLOW,57900,6100,51800,0,1
REGIONAL PROGRAM,642002,MEALS NON TRAVEL,2413,4070,-1657,1,0
REGIONAL PROGRAM,642118,PUB AFFAIRS UNALLOW,,1580,-1580,1,0
REGIONAL PROGRAM,642501,PRINTING,193,68,125,0,1
REGIONAL PROGRAM,647001,TRAINING,1930,6135,-4205,1,0
REGIONAL PROGRAM,652001,DOMESTIC TRAVEL,173700,139789,33911,0,1
REGIONAL PROGRAM,652002,DOMESTIC TRAVEL-FUEL,,85,-85,1,0
REGIONAL PROGRAM,652101,TRAVEL FOREIGN,,6946,-6946,1,0
REGIONAL PROGRAM,652503,OTH MISC NON TRAVEL,965,47,918,0,1
REGIONAL PROGRAM,692400,SRV CTR-SERVICES,24125,16747,7378,0,1
REGIONAL PROGRAM,940500,FUNDING TRANSFER,,1293,-1293,1,0
REGIONAL PROGRAM,960102,VACATION SAL OFFSET,-30706,,-30706,0,0
REGIONAL PROGRAM,960202,VACATN FRINGE OFFSET,-10901,,-10901,0,0
REGIONAL PROGRAM,960400,SERVICES,,58,-58,1,0
REGIONAL PROGRAM,960440,MISC EXP ALLOC,,591,-591,1,0
CAMPAIGN EVENTS,414313,EV PRF ADM TCK SALES,,-13270,13270,0,1
CAMPAIGN EVENTS,430100,UNR CONTRIBUTION REV,,-500,500,0,1
CAMPAIGN EVENTS,430110,GIFT ASSESSMENT UNRA,,20,-20,1,0
CAMPAIGN EVENTS,632001,OTHER INSTRUCT SUP,,413,-413,1,0
CAMPAIGN EVENTS,640282,DELIVERY SERVICE,,10,-10,1,0
CAMPAIGN EVENTS,640381,PROF SERVICES-EXT,,6974,-6974,1,0
CAMPAIGN EVENTS,642001,MEALS & ENT UNALLOW,481852,66492,415360,0,1
CAMPAIGN EVENTS,642002,MEALS NON TRAVEL,,111,-111,1,0
CAMPAIGN EVENTS,652001,DOMESTIC TRAVEL,,17831,-17831,1,0
CAMPAIGN EVENTS,652098,UNALLOC TCARD EXP ,, -   , -   ,0,1
CAMPAIGN EVENTS,652101,TRAVEL FOREIGN,,8492,-8492,1,0
CAMPAIGN EVENTS,692300,SRV CTR-SUPPLIES,,84,-84,1,0
CAMPAIGN EVENTS,692400,SRV CTR-SERVICES,,20353,-20353,1,0
CAMPAIGN EVENTS,940500,FUNDING TRANSFER,,-6234,6234,0,1
CAMPAIGN EVENTS,960400,SERVICES,,4839,-4839,1,0
CAMPAIGN EVENTS,960440,MISC EXP ALLOC,,-6204,6204,0,1
REGIONAL PRGM-Europ,612001,SAL-ADM STAFF FT/PT,88018,,88018,0,1
REGIONAL PRGM-Europ,615004,SAL-STU UNDGRD,,248,-248,1,0
REGIONAL PRGM-Europ,620001,FRINGE BEN EXP FT/PT,31246,,31246,0,1
REGIONAL PRGM-Europ,632001,OTHER INSTRUCT SUP,483,,483,0,1
REGIONAL PRGM-Europ,633032,OFFICE SUPPLIES,,39,-39,1,0
REGIONAL PRGM-Europ,633037,PUBS/JOURNALS/SUBSC,97,,97,0,1
REGIONAL PRGM-Europ,637001,EQ MAINT AGRMT,193,,193,0,1
REGIONAL PRGM-Europ,640282,DELIVERY SERVICE,48,,48,0,1
REGIONAL PRGM-Europ,640304,CONSULTANT SVCS 1,14475,12138,2337,0,1
REGIONAL PRGM-Europ,640381,PROF SERVICES-EXT,,2830,-2830,1,0
REGIONAL PRGM-Europ,642001,MEALS & ENT UNALLOW,9650,,9650,0,1
REGIONAL PRGM-Europ,642002,MEALS NON TRAVEL,290,,290,0,1
REGIONAL PRGM-Europ,642101,MRKT/ADVERTISING,,695,-695,1,0
REGIONAL PRGM-Europ,647001,TRAINING,483,,483,0,1
REGIONAL PRGM-Europ,651851,BANK SERVICE CHARGES,,803,-803,1,0
REGIONAL PRGM-Europ,652001,DOMESTIC TRAVEL,4825,1843,2982,0,1
REGIONAL PRGM-Europ,652101,TRAVEL FOREIGN,67550,9672,57878,0,1
REGIONAL PRGM-Europ,692400,SRV CTR-SERVICES,97,,97,0,1
REGIONAL PRGM-Europ,960102,VACATION SAL OFFSET,-5281,,-5281,0,0
REGIONAL PRGM-Europ,960202,VACATN FRINGE OFFSET,-1875,,-1875,0,0
INT'L PROGRAMS,612001,SAL-ADM STAFF FT/PT,115056,114868,188,0,1
INT'L PROGRAMS,615004,SAL-STU UNDGRD,,280,-280,1,0
INT'L PROGRAMS,620001,FRINGE BEN EXP FT/PT,40845,40778,67,0,1
INT'L PROGRAMS,632001,OTHER INSTRUCT SUP,965,,965,0,1
INT'L PROGRAMS,640281,POSTAGE,241,,241,0,1
INT'L PROGRAMS,640282,DELIVERY SERVICE,241,117,124,0,1
INT'L PROGRAMS,640301,CONT SVCS-GENL,965,,965,0,1
INT'L PROGRAMS,640351,SVC PRO EXT LEGL FEE,4825,,4825,0,1
INT'L PROGRAMS,641401,TELEPHONE LOCAL,,51,-51,1,0
INT'L PROGRAMS,641508,EVENTS/GIFTS/AWARDS,14475,500,13975,0,1
INT'L PROGRAMS,642001,MEALS & ENT UNALLOW,48250,1030,47220,0,1
INT'L PROGRAMS,642002,MEALS NON TRAVEL,483,,483,0,1
INT'L PROGRAMS,642501,PRINTING,,239,-239,1,0
INT'L PROGRAMS,647001,TRAINING,,283,-283,1,0
INT'L PROGRAMS,652001,DOMESTIC TRAVEL,1930,1657,273,0,1
INT'L PROGRAMS,652101,TRAVEL FOREIGN,96500,66954,29546,0,1
INT'L PROGRAMS,652503,OTH MISC NON TRAVEL,965,432,534,0,1
INT'L PROGRAMS,692400,SRV CTR-SERVICES,7238,140,7098,0,1
INT'L PROGRAMS,940500,FUNDING TRANSFER,,50,-50,1,0
INT'L PROGRAMS,960102,VACATION SAL OFFSET,-6903,629,-7532,1,0
INT'L PROGRAMS,960202,VACATN FRINGE OFFSET,-2451,120,-2571,1,0
ANNUAL GIVING,612001,SAL-ADM STAFF FT/PT,351839,351597,242,0,1
ANNUAL GIVING,612004,SAL- ADMIN STAFF TLC,,11766,-11766,1,0
ANNUAL GIVING,615004,SAL-STU UNDGRD,14000,16140,-2140,1,0
ANNUAL GIVING,620001,FRINGE BEN EXP FT/PT,124903,124817,86,0,1
ANNUAL GIVING,620002,FRINGE BEN EXP TLC,,1151,-1151,1,0
ANNUAL GIVING,631003,NONCAPITAL PC PURCH,5790,67,5723,0,1
ANNUAL GIVING,632001,OTHER INSTRUCT SUP,17370,24275,-6905,1,0
ANNUAL GIVING,632002,UNALLOC PCARD EXP,, -   , -   ,0,1
ANNUAL GIVING,633032,OFFICE SUPPLIES,,136,-136,1,0
ANNUAL GIVING,633037,PUBS/JOURNALS/SUBSC,97,90,7,0,1
ANNUAL GIVING,637001,EQ MAINT AGRMT,,48,-48,1,0
ANNUAL GIVING,640202,EQUIP LEASE PYMT(UR),11580,14250,-2670,1,0
ANNUAL GIVING,640281,POSTAGE,12545,1600,10945,0,1
ANNUAL GIVING,640282,DELIVERY SERVICE,7238,1194,6044,0,1
ANNUAL GIVING,640381,PROF SERVICES-EXT,125450,168711,-43261,1,0
ANNUAL GIVING,641508,EVENTS/GIFTS/AWARDS,,165,-165,1,0
ANNUAL GIVING,642001,MEALS & ENT UNALLOW,965,445,520,0,1
ANNUAL GIVING,642002,MEALS NON TRAVEL,1448,722,726,0,1
ANNUAL GIVING,642118,PUB AFFAIRS UNALLOW,,500,-500,1,0
ANNUAL GIVING,642501,PRINTING,9650,2746,6904,0,1
ANNUAL GIVING,647001,TRAINING,483,2190,-1707,1,0
ANNUAL GIVING,651851,BANK SERVICE CHARGES,125450,173138,-47688,1,0
ANNUAL GIVING,652001,DOMESTIC TRAVEL,9650,4300,5350,0,1
ANNUAL GIVING,652101,TRAVEL FOREIGN,,200,-200,1,0
ANNUAL GIVING,652503,OTH MISC NON TRAVEL,,191,-191,1,0
ANNUAL GIVING,692300,SRV CTR-SUPPLIES,,6624,-6624,1,0
ANNUAL GIVING,692400,SRV CTR-SERVICES,19300,13047,6253,0,1
ANNUAL GIVING,960102,VACATION SAL OFFSET,-21110,,-21110,0,0
ANNUAL GIVING,960202,VACATN FRINGE OFFSET,-7494,,-7494,0,0
ANNUAL GIVING,960400,SERVICES,,323,-323,1,0
DIRECT MAIL PROGRAM,612001,SAL-ADM STAFF FT/PT,335936,320579,15357,0,1
DIRECT MAIL PROGRAM,620001,FRINGE BEN EXP FT/PT,119257,113806,5451,0,1
DIRECT MAIL PROGRAM,631003,NONCAPITAL PC PURCH,8685,,8685,0,1
DIRECT MAIL PROGRAM,632001,OTHER INSTRUCT SUP,483,10558,-10075,1,0
DIRECT MAIL PROGRAM,637001,EQ MAINT AGRMT,,1642,-1642,1,0
DIRECT MAIL PROGRAM,640281,POSTAGE,265375,207276,58099,0,1
DIRECT MAIL PROGRAM,640282,DELIVERY SERVICE,24125,3600,20525,0,1
DIRECT MAIL PROGRAM,640301,CONT SVCS-GENL,33775,,33775,0,1
DIRECT MAIL PROGRAM,640303,CONT SVCS-LOBBYING,,, -   ,0,1
DIRECT MAIL PROGRAM,640381,PROF SERVICES-EXT,38600,33337,5263,0,1
DIRECT MAIL PROGRAM,641508,EVENTS/GIFTS/AWARDS,483,160,323,0,1
DIRECT MAIL PROGRAM,642002,MEALS NON TRAVEL,193,237,-44,1,0
DIRECT MAIL PROGRAM,642501,PRINTING,438683,360838,77845,0,1
DIRECT MAIL PROGRAM,647001,TRAINING,97,3960,-3863,1,0
DIRECT MAIL PROGRAM,652001,DOMESTIC TRAVEL,,208,-208,1,0
DIRECT MAIL PROGRAM,652503,OTH MISC NON TRAVEL,19300,25,19275,0,1
DIRECT MAIL PROGRAM,692400,SRV CTR-SERVICES,4343,1517,2826,0,1
DIRECT MAIL PROGRAM,940500,FUNDING TRANSFER,,-24236,24236,0,1
DIRECT MAIL PROGRAM,960102,VACATION SAL OFFSET,-20156,,-20156,0,0
DIRECT MAIL PROGRAM,960202,VACATN FRINGE OFFSET,-7155,,-7155,0,0
DIRECT MAIL PROGRAM,985400,PRCHSVC CLIN-NON DSM,,745,-745,1,0
HOPKINS FUND,612001,SAL-ADM STAFF FT/PT,472057,432410,39647,0,1
HOPKINS FUND,620001,FRINGE BEN EXP FT/PT,167580,153505,14075,0,1
HOPKINS FUND,631003,NONCAPITAL PC PURCH,3378,1631,1747,0,1
HOPKINS FUND,632001,OTHER INSTRUCT SUP,1255,1027,228,0,1
HOPKINS FUND,633032,OFFICE SUPPLIES,,384,-384,1,0
HOPKINS FUND,633037,PUBS/JOURNALS/SUBSC,,33,-33,1,0
HOPKINS FUND,640101,RENTAL SHORT-TERM,,295,-295,1,0
HOPKINS FUND,640281,POSTAGE,965,11,954,0,1
HOPKINS FUND,640282,DELIVERY SERVICE,965,890,75,0,1
HOPKINS FUND,640381,PROF SERVICES-EXT,4825,5322,-497,1,0
HOPKINS FUND,641508,EVENTS/GIFTS/AWARDS,193,154,39,0,1
HOPKINS FUND,642001,MEALS & ENT UNALLOW,3378,4870,-1492,1,0
HOPKINS FUND,642002,MEALS NON TRAVEL,3378,4919,-1541,1,0
HOPKINS FUND,642501,PRINTING,24125,7309,16817,0,1
HOPKINS FUND,647001,TRAINING,,5170,-5170,1,0
HOPKINS FUND,650001,INT EXP EXTERNAL PD,, -   , -   ,0,1
HOPKINS FUND,652001,DOMESTIC TRAVEL,62725,127512,-64787,1,0
HOPKINS FUND,652098,UNALLOC TCARD EXP ,, -   , -   ,0,1
HOPKINS FUND,652503,OTH MISC NON TRAVEL,19300,2536,16764,0,1
HOPKINS FUND,692300,SRV CTR-SUPPLIES,,2,-2,1,0
HOPKINS FUND,692400,SRV CTR-SERVICES,14475,10123,4352,0,1
HOPKINS FUND,940500,FUNDING TRANSFER,,1416,-1416,1,0
HOPKINS FUND,960102,VACATION SAL OFFSET,-28323,6364,-34687,1,0
HOPKINS FUND,960202,VACATN FRINGE OFFSET,-10055,2259,-12314,1,0
HOPKINS FUND,960400,SERVICES,-618490,-618490, -   ,0,1
HOPKINS FUND,960497,PARKING,,10,-10,1,0
PHONATHON PROGRAM,632001,OTHER INSTRUCT SUP,,168,-168,1,0
PHONATHON PROGRAM,640282,DELIVERY SERVICE,,33,-33,1,0
PHONATHON PROGRAM,640301,CONT SVCS-GENL,53808,20954,32854,0,1
PHONATHON PROGRAM,640381,PROF SERVICES-EXT,691200,722829,-31629,1,0
PHONATHON PROGRAM,642002,MEALS NON TRAVEL,400,,400,0,1
PHONATHON PROGRAM,652502,MISC UNNALLOW,,, -   ,0,1
PHONATHON PROGRAM,652503,OTH MISC NON TRAVEL,,3104,-3104,1,0
PHONATHON PROGRAM,692400,SRV CTR-SERVICES,18000,31679,-13679,1,0
PHONATHON PROGRAM,960440,MISC EXP ALLOC,,75,-75,1,0
ALUMNI RELATIONS,453013,OTHER MISC INCOME,,-215,215,0,1
ALUMNI RELATIONS,612001,SAL-ADM STAFF FT/PT,1156907,1076567,80340,0,1
ALUMNI RELATIONS,612003,SAL-ADM FT/PT OT STD,,892,-892,1,0
ALUMNI RELATIONS,612004,SAL- ADMIN STAFF TLC,,306,-306,1,0
ALUMNI RELATIONS,615003,SAL-STU UNDGRAD FWS,,3562,-3562,1,0
ALUMNI RELATIONS,615004,SAL-STU UNDGRD,5300,1124,4176,0,1
ALUMNI RELATIONS,616104,SPEC PROJ SUP (TLC),,7560,-7560,1,0
ALUMNI RELATIONS,620001,FRINGE BEN EXP FT/PT,410702,382250,28452,0,1
ALUMNI RELATIONS,620002,FRINGE BEN EXP TLC,424,705,-281,1,0
ALUMNI RELATIONS,631003,NONCAPITAL PC PURCH,11580,10660,920,0,1
ALUMNI RELATIONS,632001,OTHER INSTRUCT SUP,7720,11230,-3510,1,0
ALUMNI RELATIONS,632002,UNALLOC PCARD EXP,, -   , -   ,0,1
ALUMNI RELATIONS,633032,OFFICE SUPPLIES,,199,-199,1,0
ALUMNI RELATIONS,633037,PUBS/JOURNALS/SUBSC,,127,-127,1,0
ALUMNI RELATIONS,637001,EQ MAINT AGRMT,1448,822,626,0,1
ALUMNI RELATIONS,640101,RENTAL SHORT-TERM,,6,-6,1,0
ALUMNI RELATIONS,640202,EQUIP LEASE PYMT(UR),9650,,9650,0,1
ALUMNI RELATIONS,640281,POSTAGE,772,5657,-4885,1,0
ALUMNI RELATIONS,640282,DELIVERY SERVICE,290,2500,-2210,1,0
ALUMNI RELATIONS,640304,CONSULTANT SVCS 1,,4925,-4925,1,0
ALUMNI RELATIONS,640381,PROF SERVICES-EXT,,4537,-4537,1,0
ALUMNI RELATIONS,641405,WIRELESS PHONE,,20,-20,1,0
ALUMNI RELATIONS,641508,EVENTS/GIFTS/AWARDS,,851,-851,1,0
ALUMNI RELATIONS,641601,LOCAL TRANS(PAT REL),,, -   ,0,1
ALUMNI RELATIONS,642001,MEALS & ENT UNALLOW,9650,5771,3879,0,1
ALUMNI RELATIONS,642002,MEALS NON TRAVEL,,1841,-1841,1,0
ALUMNI RELATIONS,642118,PUB AFFAIRS UNALLOW,,120,-120,1,0
ALUMNI RELATIONS,642501,PRINTING,48,4677,-4629,1,0
ALUMNI RELATIONS,647001,TRAINING,965,5832,-4867,1,0
ALUMNI RELATIONS,652001,DOMESTIC TRAVEL,72375,75010,-2635,1,0
ALUMNI RELATIONS,652098,UNALLOC TCARD EXP ,, -   , -   ,0,1
ALUMNI RELATIONS,652101,TRAVEL FOREIGN,14475,6886,7589,0,1
ALUMNI RELATIONS,652503,OTH MISC NON TRAVEL,159225,22142,137083,0,1
ALUMNI RELATIONS,692300,SRV CTR-SUPPLIES,,1367,-1367,1,0
ALUMNI RELATIONS,692400,SRV CTR-SERVICES,33775,26443,7332,0,1
ALUMNI RELATIONS,940500,FUNDING TRANSFER,,157556,-157556,1,0
ALUMNI RELATIONS,960102,VACATION SAL OFFSET,-69414,795,-70209,1,0
ALUMNI RELATIONS,960202,VACATN FRINGE OFFSET,-24642,282,-24924,1,0
ALUMNI RELATIONS,960400,SERVICES,34740,375,34365,0,1
ALUMNI RELATIONS,960440,MISC EXP ALLOC,, -   , -   ,0,1
PRINCIPAL GIFTS,611001,SAL-FACULTY FT/PT,287640,312000,-24360,1,0
PRINCIPAL GIFTS,612001,SAL-ADM STAFF FT/PT,486951,365928,121023,0,1
PRINCIPAL GIFTS,616104,SPEC PROJ SUP (TLC),,4088,-4088,1,0
PRINCIPAL GIFTS,620001,FRINGE BEN EXP FT/PT,274980,240664,34316,0,1
PRINCIPAL GIFTS,620002,FRINGE BEN EXP TLC,,327,-327,1,0
PRINCIPAL GIFTS,631003,NONCAPITAL PC PURCH,1448,668,780,0,1
PRINCIPAL GIFTS,632001,OTHER INSTRUCT SUP,3860,10491,-6631,1,0
PRINCIPAL GIFTS,633037,PUBS/JOURNALS/SUBSC,193,,193,0,1
PRINCIPAL GIFTS,640101,RENTAL SHORT-TERM,,176,-176,1,0
PRINCIPAL GIFTS,640102,LEASED FAC- EXTERNAL,1448,,1448,0,1
PRINCIPAL GIFTS,640202,EQUIP LEASE PYMT(UR),3860,5898,-2038,1,0
PRINCIPAL GIFTS,640281,POSTAGE,483,88,395,0,1
PRINCIPAL GIFTS,640282,DELIVERY SERVICE,579,1008,-429,1,0
PRINCIPAL GIFTS,640301,CONT SVCS-GENL,193,1411,-1218,1,0
PRINCIPAL GIFTS,640304,CONSULTANT SVCS 1,,47744,-47744,1,0
PRINCIPAL GIFTS,640325,WASTE REMOVAL,,82,-82,1,0
PRINCIPAL GIFTS,640381,PROF SERVICES-EXT,19300,15600,3700,0,1
PRINCIPAL GIFTS,641508,EVENTS/GIFTS/AWARDS,,600,-600,1,0
PRINCIPAL GIFTS,642001,MEALS & ENT UNALLOW,,5400,-5400,1,0
PRINCIPAL GIFTS,642002,MEALS NON TRAVEL,965,7231,-6266,1,0
PRINCIPAL GIFTS,642101,MRKT/ADVERTISING,,155,-155,1,0
PRINCIPAL GIFTS,642118,PUB AFFAIRS UNALLOW,,770,-770,1,0
PRINCIPAL GIFTS,642501,PRINTING,14475,25340,-10865,1,0
PRINCIPAL GIFTS,647001,TRAINING,965,1285,-320,1,0
PRINCIPAL GIFTS,652001,DOMESTIC TRAVEL,19300,47740,-28440,1,0
PRINCIPAL GIFTS,652101,TRAVEL FOREIGN,,6006,-6006,1,0
PRINCIPAL GIFTS,652503,OTH MISC NON TRAVEL,1448,2742,-1294,1,0
PRINCIPAL GIFTS,692300,SRV CTR-SUPPLIES,,777,-777,1,0
PRINCIPAL GIFTS,692400,SRV CTR-SERVICES,7720,16252,-8532,1,0
PRINCIPAL GIFTS,940500,FUNDING TRANSFER,,21230,-21230,1,0
PRINCIPAL GIFTS,960102,VACATION SAL OFFSET,-29217,,-29217,0,0
PRINCIPAL GIFTS,960202,VACATN FRINGE OFFSET,-10372,,-10372,0,0
PRINCIPAL GIFTS,960314,ADMIN SUPPLIES,,212,-212,1,0
PRINCIPAL GIFTS,960400,SERVICES,,1075,-1075,1,0
PRINCIPAL GIFTS,960477,MEDIA SVCS,,77,-77,1,0
PRINCIPAL GIFTS,960497,PARKING,,240,-240,1,0
PRESIDENT'S DEV TRAV,633005,BEVERAGES,,5,-5,1,0
PRESIDENT'S DEV TRAV,640202,EQUIP LEASE PYMT(UR),,, -   ,0,1
PRESIDENT'S DEV TRAV,640282,DELIVERY SERVICE,,9,-9,1,0
PRESIDENT'S DEV TRAV,640301,CONT SVCS-GENL,,712,-712,1,0
PRESIDENT'S DEV TRAV,642001,MEALS & ENT UNALLOW,72375,909,71466,0,1
PRESIDENT'S DEV TRAV,642002,MEALS NON TRAVEL,,6198,-6198,1,0
PRESIDENT'S DEV TRAV,652001,DOMESTIC TRAVEL,72375,32088,40287,0,1
PRESIDENT'S DEV TRAV,652098,UNALLOC TCARD EXP ,, -   , -   ,0,1
PRESIDENT'S DEV TRAV,652101,TRAVEL FOREIGN,19300,9046,10254,0,1
PRESIDENT'S DEV TRAV,652502,MISC UNNALLOW,,2447,-2447,1,0
PRESIDENT'S DEV TRAV,692400,SRV CTR-SERVICES,,555,-555,1,0
PRESIDENT'S DEV TRAV,960400,SERVICES,,3726,-3726,1,0
NANJING,612001,SAL-ADM STAFF FT/PT,51153,32865,18288,0,1
NANJING,616104,SPEC PROJ SUP (TLC),,167,-167,1,0
NANJING,620001,FRINGE BEN EXP FT/PT,18159,11667,6492,0,1
NANJING,620002,FRINGE BEN EXP TLC,,13,-13,1,0
NANJING,632101,OTHER RESRCH SUP,,11,-11,1,0
NANJING,633032,OFFICE SUPPLIES,,175,-175,1,0
NANJING,640281,POSTAGE,,70,-70,1,0
NANJING,640282,DELIVERY SERVICE,,10,-10,1,0
NANJING,640403,MEMBERSHIPS/DUES,,100,-100,1,0
NANJING,641405,WIRELESS PHONE,,87,-87,1,0
NANJING,642001,MEALS & ENT UNALLOW,,, -   ,0,1
NANJING,642002,MEALS NON TRAVEL,,5,-5,1,0
NANJING,652001,DOMESTIC TRAVEL,4825,1476,3349,0,1
NANJING,652101,TRAVEL FOREIGN,14475,4541,9934,0,1
NANJING,652503,OTH MISC NON TRAVEL,,157,-157,1,0
NANJING,960102,VACATION SAL OFFSET,-2033,255,-2288,1,0
NANJING,960202,VACATN FRINGE OFFSET,-722,90,-812,1,0
NANJING,960400,SERVICES,,1224,-1224,1,0
ARTS & SCIENCES,456005,CAP FUND - OPERATING,,-118179,118179,0,1
ARTS & SCIENCES,611001,SAL-FACULTY FT/PT,89300,95000,-5700,1,0
ARTS & SCIENCES,612001,SAL-ADM STAFF FT/PT,283699,199721,83978,0,1
ARTS & SCIENCES,620001,FRINGE BEN EXP FT/PT,132415,104626,27789,0,1
ARTS & SCIENCES,692400,SRV CTR-SERVICES,,4,-4,1,0
ARTS & SCIENCES,960102,VACATION SAL OFFSET,-17022,,-17022,0,0
ARTS & SCIENCES,960202,VACATN FRINGE OFFSET,-6043,,-6043,0,0
ENGINEERING,611001,SAL-FACULTY FT/PT,71910,76500,-4590,1,0
ENGINEERING,612001,SAL-ADM STAFF FT/PT,244941,190666,54275,0,1
ENGINEERING,620001,FRINGE BEN EXP FT/PT,112482,94844,17638,0,1
ENGINEERING,652001,DOMESTIC TRAVEL,,673,-673,1,0
ENGINEERING,960102,VACATION SAL OFFSET,-14696,,-14696,0,0
ENGINEERING,960202,VACATN FRINGE OFFSET,-5217,,-5217,0,0
FUND FOR JH MEDICINE,611001,SAL-FACULTY FT/PT,122332,161500,-39168,1,0
FUND FOR JH MEDICINE,612001,SAL-ADM STAFF FT/PT,1773934,1475452,298482,0,1
FUND FOR JH MEDICINE,612003,SAL-ADM FT/PT OT STD,,567,-567,1,0
FUND FOR JH MEDICINE,613001,SAL-NADM STF FT/PT,,63011,-63011,1,0
FUND FOR JH MEDICINE,616104,SPEC PROJ SUP (TLC),,398,-398,1,0
FUND FOR JH MEDICINE,616105,INC BON NONDISC (TLC,,6667,-6667,1,0
FUND FOR JH MEDICINE,616110,NON-FAC SUPP PY,,34000,-34000,1,0
FUND FOR JH MEDICINE,620001,FRINGE BEN EXP FT/PT,673174,603487,69687,0,1
FUND FOR JH MEDICINE,620002,FRINGE BEN EXP TLC,,3331,-3331,1,0
FUND FOR JH MEDICINE,633024,LAB MATERIAL/SUPPLIE,,, -   ,0,1
FUND FOR JH MEDICINE,651851,BANK SERVICE CHARGES,,11748,-11748,1,0
FUND FOR JH MEDICINE,960102,VACATION SAL OFFSET,-106436,16240,-122676,1,0
FUND FOR JH MEDICINE,960202,VACATN FRINGE OFFSET,-37785,5765,-43550,1,0
SAIS-DC,611001,SAL-FACULTY FT/PT,82861,78333,4528,0,1
SAIS-DC,612001,SAL-ADM STAFF FT/PT,213502,166337,47165,0,1
SAIS-DC,616104,SPEC PROJ SUP (TLC),,7500,-7500,1,0
SAIS-DC,620001,FRINGE BEN EXP FT/PT,105209,86858,18351,0,1
SAIS-DC,620002,FRINGE BEN EXP TLC,,600,-600,1,0
SAIS-DC,642002,MEALS NON TRAVEL,,48,-48,1,0
SAIS-DC,960102,VACATION SAL OFFSET,-12810,,-12810,0,0
SAIS-DC,960202,VACATN FRINGE OFFSET,-4548,,-4548,0,0
LIBRARY,611001,SAL-FACULTY FT/PT,128383,136578,-8195,1,0
LIBRARY,612001,SAL-ADM STAFF FT/PT,82279,86373,-4094,1,0
LIBRARY,616102,NON-CLIN FAC/STF PER,,1500,-1500,1,0
LIBRARY,620001,FRINGE BEN EXP FT/PT,74785,79148,-4363,1,0
LIBRARY,620002,FRINGE BEN EXP TLC,,120,-120,1,0
LIBRARY,960102,VACATION SAL OFFSET,-4937,1057,-5994,1,0
LIBRARY,960202,VACATN FRINGE OFFSET,-1753,375,-2128,1,0
PEABODY,611001,SAL-FACULTY FT/PT,76800,84045,-7245,1,0
PEABODY,612001,SAL-ADM STAFF FT/PT,153482,157506,-4024,1,0
PEABODY,616105,INC BON NONDISC (TLC,,1550,-1550,1,0
PEABODY,620001,FRINGE BEN EXP FT/PT,81750,85751,-4001,1,0
PEABODY,620002,FRINGE BEN EXP TLC,,124,-124,1,0
PEABODY,633032,OFFICE SUPPLIES,,267,-267,1,0
PEABODY,640281,POSTAGE,,1336,-1336,1,0
PEABODY,640301,CONT SVCS-GENL,, -   , -   ,0,1
PEABODY,642002,MEALS NON TRAVEL,,118,-118,1,0
PEABODY,652001,DOMESTIC TRAVEL,,8800,-8800,1,0
PEABODY,652101,TRAVEL FOREIGN,,8892,-8892,1,0
PEABODY,692400,SRV CTR-SERVICES,,60,-60,1,0
PEABODY,960102,VACATION SAL OFFSET,-9209,1656,-10865,1,0
PEABODY,960202,VACATN FRINGE OFFSET,-3269,588,-3857,1,0
SCHOOL OF EDUCATION,611001,SAL-FACULTY FT/PT,69992,75190,-5198,1,0
SCHOOL OF EDUCATION,612001,SAL-ADM STAFF FT/PT,132744,133942,-1198,1,0
SCHOOL OF EDUCATION,615003,SAL-STU UNDGRAD FWS,,204,-204,1,0
SCHOOL OF EDUCATION,620001,FRINGE BEN EXP FT/PT,71972,74242,-2270,1,0
SCHOOL OF EDUCATION,633032,OFFICE SUPPLIES,,15,-15,1,0
SCHOOL OF EDUCATION,640381,PROF SERVICES-EXT,,5961,-5961,1,0
SCHOOL OF EDUCATION,642001,MEALS & ENT UNALLOW,,3520,-3520,1,0
SCHOOL OF EDUCATION,642002,MEALS NON TRAVEL,,18651,-18651,1,0
SCHOOL OF EDUCATION,642501,PRINTING,,697,-697,1,0
SCHOOL OF EDUCATION,652001,DOMESTIC TRAVEL,,1497,-1497,1,0
SCHOOL OF EDUCATION,692300,SRV CTR-SUPPLIES,,5,-5,1,0
SCHOOL OF EDUCATION,960102,VACATION SAL OFFSET,-7965,709,-8674,1,0
SCHOOL OF EDUCATION,960202,VACATN FRINGE OFFSET,-2827,252,-3079,1,0
SCHOOL OF EDUCATION,960440,MISC EXP ALLOC,,886,-886,1,0
NURSING,611001,SAL-FACULTY FT/PT,61062,65920,-4858,1,0
NURSING,612001,SAL-ADM STAFF FT/PT,62531,47717,14814,0,1
NURSING,620001,FRINGE BEN EXP FT/PT,43876,40341,3535,0,1
NURSING,960102,VACATION SAL OFFSET,-3752,202,-3954,1,0
NURSING,960202,VACATN FRINGE OFFSET,-1332,72,-1404,1,0
PUBLIC HEALTH,611001,SAL-FACULTY FT/PT,91086,96900,-5814,1,0
PUBLIC HEALTH,612001,SAL-ADM STAFF FT/PT,244873,221855,23018,0,1
PUBLIC HEALTH,616105,INC BON NONDISC (TLC,,5000,-5000,1,0
PUBLIC HEALTH,620001,FRINGE BEN EXP FT/PT,119266,113158,6108,0,1
PUBLIC HEALTH,620002,FRINGE BEN EXP TLC,,400,-400,1,0
PUBLIC HEALTH,633032,OFFICE SUPPLIES,,32,-32,1,0
PUBLIC HEALTH,633037,PUBS/JOURNALS/SUBSC,,6500,-6500,1,0
PUBLIC HEALTH,640301,CONT SVCS-GENL,,12291,-12291,1,0
PUBLIC HEALTH,640304,CONSULTANT SVCS 1,,1040,-1040,1,0
PUBLIC HEALTH,642001,MEALS & ENT UNALLOW,,137,-137,1,0
PUBLIC HEALTH,642002,MEALS NON TRAVEL,,11359,-11359,1,0
PUBLIC HEALTH,642501,PRINTING,,127,-127,1,0
PUBLIC HEALTH,652001,DOMESTIC TRAVEL,,931,-931,1,0
PUBLIC HEALTH,652503,OTH MISC NON TRAVEL,57900,,57900,0,1
PUBLIC HEALTH,692400,SRV CTR-SERVICES,,2258,-2258,1,0
PUBLIC HEALTH,960102,VACATION SAL OFFSET,-14692,6456,-21148,1,0
PUBLIC HEALTH,960202,VACATN FRINGE OFFSET,-5216,2292,-7508,1,0
PUBLIC HEALTH,960400,SERVICES,,160,-160,1,0
CTY,612001,SAL-ADM STAFF FT/PT,94016,105142,-11126,1,0
CTY,620001,FRINGE BEN EXP FT/PT,33376,37325,-3949,1,0
CTY,633001,NON-MED SUP & EQ,,362,-362,1,0
CTY,640301,CONT SVCS-GENL,,20000,-20000,1,0
CTY,652001,DOMESTIC TRAVEL,,1937,-1937,1,0
CTY,692400,SRV CTR-SERVICES,,80,-80,1,0
CTY,960102,VACATION SAL OFFSET,-5641,517,-6158,1,0
CTY,960202,VACATN FRINGE OFFSET,-2003,183,-2186,1,0
BIOETHICS,612001,SAL-ADM STAFF FT/PT,80515,82108,-1593,1,0
BIOETHICS,620001,FRINGE BEN EXP FT/PT,28583,29148,-565,1,0
BIOETHICS,652001,DOMESTIC TRAVEL,,320,-320,1,0
BIOETHICS,960102,VACATION SAL OFFSET,-4831,1312,-6143,1,0
BIOETHICS,960202,VACATN FRINGE OFFSET,-1715,466,-2181,1,0
CAREY BUSINESS SCHLO,611001,SAL-FACULTY FT/PT,83895,89250,-5355,1,0
CAREY BUSINESS SCHLO,612001,SAL-ADM STAFF FT/PT,223137,218940,4197,0,1
CAREY BUSINESS SCHLO,620001,FRINGE BEN EXP FT/PT,108996,109408,-412,1,0
CAREY BUSINESS SCHLO,960102,VACATION SAL OFFSET,-13388,443,-13831,1,0
CAREY BUSINESS SCHLO,960202,VACATN FRINGE OFFSET,-4753,150,-4903,1,0
SAIS-BOLOGNA,616003,SAL-OVRSEA (NOT SAP),,74146,-74146,1,0
SAIS-BOLOGNA,640301,CONT SVCS-GENL,75270,,75270,0,1
SAIS-BOLOGNA,652001,DOMESTIC TRAVEL,14475,,14475,0,1
MUSEUMS,612001,SAL-ADM STAFF FT/PT,9702,10140,-438,1,0
MUSEUMS,620001,FRINGE BEN EXP FT/PT,3444,3600,-156,1,0
MUSEUMS,960102,VACATION SAL OFFSET,-582,,-582,0,0
MUSEUMS,960202,VACATN FRINGE OFFSET,-207,,-207,0,0
PARENTS FUND,453013,OTHER MISC INCOME,,-25,25,0,1
PARENTS FUND,612001,SAL-ADM STAFF FT/PT,175139,179912,-4773,1,0
PARENTS FUND,612002,SAL-ADM FT/PT OT PR,500,,500,0,1
PARENTS FUND,612003,SAL-ADM FT/PT OT STD,500,,500,0,1
PARENTS FUND,615003,SAL-STU UNDGRAD FWS,,600,-600,1,0
PARENTS FUND,615004,SAL-STU UNDGRD,1500,1509,-9,1,0
PARENTS FUND,620001,FRINGE BEN EXP FT/PT,62174,63869,-1695,1,0
PARENTS FUND,620002,FRINGE BEN EXP TLC,80,41,39,0,1
PARENTS FUND,631003,NONCAPITAL PC PURCH,1930,1770,160,0,1
PARENTS FUND,632001,OTHER INSTRUCT SUP,2413,1645,768,0,1
PARENTS FUND,640101,RENTAL SHORT-TERM,,304,-304,1,0
PARENTS FUND,640102,LEASED FAC- EXTERNAL,483,,483,0,1
PARENTS FUND,640281,POSTAGE,1544,1572,-28,1,0
PARENTS FUND,640282,DELIVERY SERVICE,483,,483,0,1
PARENTS FUND,640304,CONSULTANT SVCS 1,14475,,14475,0,1
PARENTS FUND,641402,TELEPH LONG DISTANCE,,35,-35,1,0
PARENTS FUND,641508,EVENTS/GIFTS/AWARDS,4343,1518,2825,0,1
PARENTS FUND,642001,MEALS & ENT UNALLOW,2413,7709,-5296,1,0
PARENTS FUND,642002,MEALS NON TRAVEL,14475,6356,8119,0,1
PARENTS FUND,642501,PRINTING,10615,6690,3925,0,1
PARENTS FUND,647001,TRAINING,965,999,-34,1,0
PARENTS FUND,652001,DOMESTIC TRAVEL,19300,27402,-8102,1,0
PARENTS FUND,652098,UNALLOC TCARD EXP ,, -   , -   ,0,1
PARENTS FUND,652503,OTH MISC NON TRAVEL,,743,-743,1,0
PARENTS FUND,692400,SRV CTR-SERVICES,9650,10336,-686,1,0
PARENTS FUND,940500,FUNDING TRANSFER,,811,-811,1,0
PARENTS FUND,960102,VACATION SAL OFFSET,-10508,,-10508,0,0
PARENTS FUND,960202,VACATN FRINGE OFFSET,-3730,,-3730,0,0
PARENTS FUND,960400,SERVICES,,75,-75,1,0
PARENTS FUND,960440,MISC EXP ALLOC,,295,-295,1,0
PARENTS FUND,960477,MEDIA SVCS,,399,-399,1,0
PARENTS FUND,960497,PARKING,,90,-90,1,0
PARENTS FUND,960950,MGMT FEES,,2352,-2352,1,0
ATHLETICS,632001,OTHER INSTRUCT SUP,,150,-150,1,0
ATHLETICS,640281,POSTAGE,,-450,450,0,1
ATHLETICS,640282,DELIVERY SERVICE,,-2004,2004,0,1
ATHLETICS,640304,CONSULTANT SVCS 1,, -   , -   ,0,1
ATHLETICS,640403,MEMBERSHIPS/DUES,, -   , -   ,0,1
ATHLETICS,641508,EVENTS/GIFTS/AWARDS,,150,-150,1,0
ATHLETICS,642001,MEALS & ENT UNALLOW,,6757,-6757,1,0
ATHLETICS,642002,MEALS NON TRAVEL,,2982,-2982,1,0
ATHLETICS,647001,TRAINING,,1350,-1350,1,0
ATHLETICS,652001,DOMESTIC TRAVEL,,59285,-59285,1,0
ATHLETICS,652098,UNALLOC TCARD EXP ,, -   , -   ,0,1
ATHLETICS,652503,OTH MISC NON TRAVEL,,671,-671,1,0
ATHLETICS,692400,SRV CTR-SERVICES,,60,-60,1,0
ATHLETICS,940500,FUNDING TRANSFER,,-5,5,0,1
ATHLETICS,960400,SERVICES,,-68946,68946,0,1
SAN MARTIN CENTER,456005,CAP FUND - OPERATING,,20892,-20892,1,0
SAN MARTIN CENTER,612001,SAL-ADM STAFF FT/PT,82456,47391,35065,0,1
SAN MARTIN CENTER,620001,FRINGE BEN EXP FT/PT,29272,16824,12448,0,1
SAN MARTIN CENTER,631001,FURNITURE,,, -   ,0,1
SAN MARTIN CENTER,631003,NONCAPITAL PC PURCH,1448,,1448,0,1
SAN MARTIN CENTER,632001,OTHER INSTRUCT SUP,8264,27682,-19418,1,0
SAN MARTIN CENTER,633024,LAB MATERIAL/SUPPLIE,,23,-23,1,0
SAN MARTIN CENTER,633032,OFFICE SUPPLIES,,177,-177,1,0
SAN MARTIN CENTER,637001,EQ MAINT AGRMT,,892,-892,1,0
SAN MARTIN CENTER,640202,EQUIP LEASE PYMT(UR),67550,43990,23560,0,1
SAN MARTIN CENTER,640282,DELIVERY SERVICE,12545,11737,808,0,1
SAN MARTIN CENTER,640301,CONT SVCS-GENL,9650,1034,8616,0,1
SAN MARTIN CENTER,640325,WASTE REMOVAL,,996,-996,1,0
SAN MARTIN CENTER,640381,PROF SERVICES-EXT,3378,18320,-14942,1,0
SAN MARTIN CENTER,641508,EVENTS/GIFTS/AWARDS,,513,-513,1,0
SAN MARTIN CENTER,642001,MEALS & ENT UNALLOW,66980,4513,62467,0,1
SAN MARTIN CENTER,642002,MEALS NON TRAVEL,2895,,2895,0,1
SAN MARTIN CENTER,642501,PRINTING,, -   , -   ,0,1
SAN MARTIN CENTER,650012,DEBT SRV INT BONDS,270229,267732,2497,0,1
SAN MARTIN CENTER,650013,DEBT SRV TIP LOAN IN,134619,134619,0,0,1
SAN MARTIN CENTER,650020,DEB SRV PRINC REPAY,305953,305957,-4,1,0
SAN MARTIN CENTER,650022,FUND PRIN REPYMT,, -   , -   ,0,1
SAN MARTIN CENTER,652001,DOMESTIC TRAVEL,193,77,116,0,1
SAN MARTIN CENTER,652503,OTH MISC NON TRAVEL,,303,-303,1,0
SAN MARTIN CENTER,692400,SRV CTR-SERVICES,5308,24506,-19198,1,0
SAN MARTIN CENTER,960102,VACATION SAL OFFSET,-4947,1227,-6174,1,0
SAN MARTIN CENTER,960202,VACATN FRINGE OFFSET,-1756,436,-2192,1,0
SAN MARTIN CENTER,960400,SERVICES,-6150,,-6150,0,0
SAN MARTIN CENTER,960484,SPACE,964452,953197,11255,0,1
Overall Result,Result,Result,33959004,33283975,675029,0,1
